QueryText,KccAns
how to control flower drop in bottelgourd,spray planofix4mlpump
how to control fruit borer in brinjal,should be spray profenophos 35mlpump
how to control of yellow moisac in moong,should be spray metasystox 35mlpump
how to control white fly in brinjal,should be spray metasystox 35mlpump
how to control termite in wheat,use chlorpyrephos1lithactwith the help of irrigation
how to control chilli thrips,sprey cypermethrin15 mlpump
how to increase milk in buffalo,use gylox 20 gm twice a day
how to control sucking pest in bottle gourd,shhould be spray metasystox 35mlpump
how to control becterial blight in tomato,should be spray mancozeb 35mlpump
what are control of cow pea mosaic ,spray trizophose  30 ml pump
how to control yellow moisac in moong,should be spray metasystox 35mlpump
how to control white fly in brinjal,should be spray metasystox 35mlpump
how to control shoot and fruit borer in brinjal,should be spray cyper methrin 30-35mlpump
how to contro yellow moisac in moong,should be spray metasystox 35mlpump
how to control powdery mildew in bottle gourd,should be spray wetable sulfar 16mlpump
how to control weed in field,should be spray glyphoset 15litreha
what are control of cauliflower yellow leaf ,spray trizophose  40 ml pump
how to control powdery mildew in bottle gourd,should be spray  wetable sulphar 16mlpump
how to control sucking pest in moong,should be spray metasystox 35mlpump
how to copntrol caterpillar in aonla,applied endosulfan drop by injection in plant
how to controlsucking pest in moong,should be spray metasystox 35mlpump
how to contol of altenariya leasf spot in cotton,should be appply spray mancozeb 35mlpump
how to control stem borer in paddy,should be spray chloropyriphos 15kgha with irrigation water
how to control yellow stem borer in paddy,applied dust chloropyriphos 15kgha wuith irrigation water
how to control aphids in groundnut,should be spray metasystox 35mlpump
how to control flower drop in papaya,should be spray planofix 3-5mlpump
how to control diesase in buffalo,contect at nearest animal jospital
how to control leaf curl in tomato,should be spray imidacloprid 35mlpump
whast is the ontrol of the tobbacco catter pillar in the soybean ,apply the trizophos  250 ml per acre 
What is the control of fruit dropping in mango,Apply to you spray of planofix 5 mlpump
how to control yellowvein mosaic of bhindi,sprey metasistox15mlpump
how to control sucking pest in moong,should be spray metasystox 35mlpump
how to control of shoot borer in maize,spray dltamethrin 35mlpump
how to control termite in wheat field,use chlorpyrephos1lithactwhit the help of irrigation water
flowr inducer  sptay in soyabean ,spray vipul   15 ml pump
how to control of  green gram   mosaic ,spray   imidacloprid  5 ml pump
how to control flower drop in bottle gourd,should be spray planofix 7mlpump
how to control yellow moisac in moong,spraying for dimethod 750-1000mlha
how to control pumkin beetle in cucumber,should be spray profenophos 35mlpump
how to control thrips in chilli,should be spray dimethod 35mlpump
what are control of cotton white fly ,spray imidacloprid  5 ml pump
how to control white fly in brinjal,should be spray metasystox 35mlpump
how to control fruit borer in bitter gourd,should be spray profenophos 35mlpump
how to control leaf curl in tomato,should be spray metasystox 35mlpoump
how to control sucking pest in cowpea,should be spray dimethod 35mlpump
how to control fruit borer in bitter gourd,should be spray profenophos 35mlpump
variety of onion,pusa rednasik red
how to control aphidjassid and thrips in cotton,apply to you spray of immidachloroprid 15 mlpump of crop for control its
what are varieties of maize,sown on varieties ganga-5 deccan-101naveen and jyoti etc
how to control hopper in mango,should be spray dimethod 35mlpump
how to control aphids in coriander,should be spray metasystox 35mlpump
what are control of cotton aphids ,spray imiacloprid  5 ml pump
How to increase milk production of cow,you can give gylox powder 100 gram in a day for increase milk production of cow
how to control fruit drop in jackfruit,apply to you spray of planofix 5 mlpump for control its
what are control  of sorghum stem borer ,spray trizophose  40 ml pump
chilli  flower dropping  control  ,spray planofix  15 ml pump
CONTROL CHILLI LEAF CURLING ,SPRAY ACETAMIPRID  5 ML PUMP
how to brackout wheat stra in field,you drive to herro i field
What is the control of yellow mosaic in bhindi,Apply to you spray monocrotophos 30 mlpump
how to control of fruit borer in brinjal,spay for profenophos 35mlpump
potato  seed sowing ,sow in oct- nov 
how to control becterial blight in tomato,should be spray metasystox 35mlpump
how to control flower drop in brinjal,sprey planofix4mlpump
how to control sucking pest in urd,should be spray deltamethrin 25mlpump
What is the control of fruit and  shoot bore in bhindi ,you can carbyrl dust 20-25 kg in a hactare for control its
what is til  white fly control   ,spray  acetamiprid  5 ml pump
how to control fruit drop in jackfruit,apply to you spray of planofix 5 mlpump for control its
what is sowing time of bishops weed,octumber to november are suitable time of bishops weed
how to control of naerosis in soybean,should be apply spray mancozeb mlpump
what is give you information fuit borer controller of binjal ,tryzophos-30mlpump spray crop in brinjal
how to control becterial blight in brinjal,applied vavistin 15kgha with irrigation water
What is the control of purple blotches in onion,you can spray of mencozeb 20-25 mlpump of crop for control its
how to control leaf curl in onion,spraying for dimethod 35mlpump
how to increase milk production of buffalo,you can give gylox powder 100 gram in a day for increase milk production of buffalo
provide me fishries farming information,0755-2552082 fishries department bhopal for more detail information
what is give you infomation aphid controller of green gram,immidacloprid-15mlpump spray crop in green gram
what is give you information catter pillar controller of cotton,melathion-30mlpump spray crop in cotton
what is give you information damping off controller of bottole gourd,dithane m-4520gpump spray cop in bottole gourd
FRUIT BORER OF BRINJAL,SPRAY ENDOSULPHAN 35 EC  15 MLLT OF WATER 
Askijng about cultivation of cowpea,Answer given detail to farmer 
VARITIES OF SCENTED RICE,PUSA BASMATISUGANDHAKAMINI
FERTILIZER DOSES OF COCONUT,FERTILIZER ARE NPK  1:2:2 KGPLANT 
VARIETIES OF MOONG,VARIETIES ARE PUSA VISHALSONASAMARST  PS-16 ETC 
asking about seed rate of kharif bhindi,bhawani krishnaindranilanokhi
STEM BORER OF MAIZE,DUSTING WITH CARBOFURAN 3 G  7 KGHECT 
WEATHER CONDATION IN KHAGARIA,ANSWER GIVEN TO DETAIL 
Varieties of Tomato,Varieties are North Amrit-501601BSS-422Pusa Hybrid-1Arka VikashPusa Gaurav LabonitaPanjab CHHuharKanchan and seed rate are 500-700gmhect and disstance diterminat variety 6045 and Inditerminate variety is 6050cm Hybrid seed rate 400-500gmhect
FRUIT CRACKING IN MANGO,SPRAY BOREX  2 GMLIT WATER
Asking about fruit borer in Bhindi,Spray Endosulphon  2mllit of water
SOWING TIME MARCH - APRIL ,SOWING TIME ARE MARCH - APRIL
FRUIT BORER OF BRINJAL,SPRAY ENDOSULPHAN 35 EC  15 MLLT OF WATER 
ASKING ABOUT VARITIES OF MAIZE,VARITIES ARE HAVING SHAKTIMAN-12 SUWANDEWAKI
stem borer of sugarcane,drench the Chloropyriphos   methyl demetom  20 ml10 ltr water each in furrow
Control measures against red spider mites,Maintain field sanitationPlant debris after pruning should be destroyedDifferent neem formulations containing azadirachtin depending upon strength of botanical viz1  20ml and 5  05 mll can be sprayedSpray following chemical insecticides Insecticide Dose Pre-Harvest interval Dicofol 185 EC 25 mll 100 days Fenpyroximate 5EC 10mll 60 days Difenthiuron 50EC 08 mll 45 days Sulphur 80WP 200gl 15 days Abamectin 19 EC 030mll 7 days Azadirachtin1 200 mll 3 days
Reddning in cotton,Spray 100gm Magnesium sulphate  50gm Urea in 10lit of water Spray 2 DAP at boll development stage
Control for leaf curl,Alternate spray of dicofol  25 mllit of water followed by wettable sulphur  025 to avoid resistance development Two spray of systemic insecticide is essential for control of thrips and insect vector
attack of thrips on cotton ,spraying of emida croplid 5 ml in 10 lit of water
Cultivation details,Given all required information
ask fertlizers dose of onion ,fertlizers dose of onion 15:15:15 135 kg  urea 45 kg acre
Control against pod borer,Spray NSKE 5 twice followed by triazophos 005 Apply any one of insecticides at 25 kgha endosulfan 4D quinalphos 4D carbaryl 5D
Leaf blight,Spray the crop with Mancozeb or Zineb at 15 kgha
Flower dropping,spray Planofix  5ml10liter of water
blight of onion,spray copper oxychloride  25gm  streptocycline  1 gm in 10 ltr water take second spraying after 15 days containing bavistin and streptocycline  25 gm and 1 gm respectively in 10 ltr water
ask micronutrent on watermelon ,spraying of microla 25 ml in 20 ml humic acid in 10 lit of water
control measure for onion blight,spray copper oxychloride  25gm  streptocycline  1 gm in 10 ltr water take second spraying after 15 days containing bavistin and streptocycline  25 gm and 1 gm respectively in 10 ltr water
ask with on maize ,dranching of bavistin 25 gm in 10 lit of water
varieties of shimala mirch ,apply arka mohinigouravvasantgreen gold 
sowing time of gram,20 october - 8 November
sowing time of zaid season groundnut,15 January - 15 February
varieties of brinjal ,krushnaruchiraarunapusa kranti
dissconected,dissconected
control measure for tur pod borer,spray quinolphosh 25ec20ml10litof water
Reddning in cotton,Spray 100gm Magnesium sulphate  50gm Urea in 10 lit of water
attack of thrips on cotton ,spraying of emida cropid 5 ml in 10 lit of water
infection of tambera in wheat ,spraying of mancozeb 25 gm in 10 lit of water
Control for leaf blight,Spray the crop with Mancozeb or Zineb at 15 kgha
Yellowing of leaves,Spray Microlla  25ml10liter of water
infection of blight on onion ,spraying of coc 25 gm in 10 lit of water
infection of blight on onion ,spraying of coc 25 gm in 10 lit of water
market rate of cotton,average rate is rs 5600qtl
control measure for tur pod borer,spray quinolphosh 25ec20ml10litof water
varities of groundnut ,tag -24sb-11m-13tg-26
attack of thrips on chilli ,spraying of rogar 15 ml in 10 lit of water
infection of brinjal ,spraying of coc 25 gm in 10 lit of water
control measure for tur pod borer,spray quinolphosh 25ec20ml10litof water
red leaf of cotton ,spraying of mgso4 100 gm  urea 50 gm in 10 lit of water
late sowing time of wheat,upto 15 December irrigated
control measure for gram dumping of or wilt disease,use disease resistant varities dreching of bavisstin 10gm10litof water
ask sowing season of summer watermelon ,sowing season of summer watermelon jan-feb
attack of jassids on chilli ,spraying of emida croplid 5 ml in 10 lit of water
attack of thrips on cotton ,spraying of rogar 15 ml in 10 lit of water
red leaf of cotton,spray MgSo4 100gm50gm urea10litof water
control measure for wheat rust,spray mancozeb25gm10litof water
Varieties of cow pea,Varieties - Pusa phalguni Pusa do phasali Pusa komal etc
dos of N:P:K ,apply 15:15:15 65kg and SSP 65 kgacre
market rate of wheat,Date Variety APMC Unit Quantity HRate LRate Average 131210 ---- PUNE QUINTAL 3978 2800 1400 2100    ---- ---- CHOPDA QUINTAL 10 1401 1225 1401    ---- ---- NAGPUR QUINTAL 131 1700 1123 1411    ---- ---- MUMBAI QUINTAL 9726 2200 1450 1825    ---- ---- SHRIRAMPUR  QUINTAL 30 1631 1200 1475    ---- ---- DEULGAON RAJA  QUINTAL 15 1500 1250 1360    ---- ---- MANTHA  QUINTAL 11 1550 1150 1350    ---- BANSI MURUM  QUINTAL 7 1000 1000 1000
infection of bhindi ,spraying of coc 25 gm in 10 lit of water
rainfall data,12th dec-Scattered Clouds  13th dec-Scattered Clouds
Qwhich vegetable crop suitable this time,Ans At this time you can sown Bhindi crop
POD BORER IN TUR,SPRAY 3ML SPINOSAD OR 20ML QUINOLPHOS IN 10 LIT OF WATER
THRIPS IN ONION,SPRAY DIMETOATE 10ML IN 10 LIT OF WATER
varieties of okra,arka anamika
2ND FERTILIZER DOSE FOR IRRIGATED WHEAT,50 KG UREA PER ACRE
BLIGHT IN POTATO,SPRAY 20GM DITHANE M-45 OR COC IN 10 LIT OF WATER
CONTROL MEASURE FOR RUST IN WHEAT,SPRAY PROPICONAZOLE 10ML IN 10 LIT OF WATER
2ND FERTILIZER DOSE FOR IRRIGATED WHEAT,50KG UREA PER ACRE
RUST IN WHEAT,SPRAY TILT 10ML IN 10LIT OF WATER
2ND FERTILIZER DOSE FOR ONION,45KG UREA PER ACRE
FRUIT ROT IN CHILLI,SPRAY DITHANE M-45 OR Z-78 25GM IN 10 LIT OF WATER
POWDERY MILDEW IN CHILLI,SPRAY SULPHER 25GM OR KARATHANE 10ML IN 10 LIT OF WATER
fertliser dose of potato,apply 165 kg suphala 75 kg urea 35 kg mop acre
CONTROL MEASURE FOR JOWAR RUST,SPRAY M-45MANCOZEB25GM10LITOF WATER
MARKET RATE OF ONION,800-2000 RSQTL
THRIPS IN ONION,SPRAY DIMETHOATE 10ML IN 10 LIT OF WATER
ask about varieties of sugarcane,co-8603294012
CONTROL MEASURE OF POD BORER OF TUR,SPRAY CYPERMETHRIN 4 ML IN 10 LITER OF WATER
control measure of stem borer on jower,spray trizophos  deltamethrin 25 ml in 10 liter of water
market rate soyabean,rs 2300-2400qt
market rate of tur,rs 5400  qt
fertiliser dose of pomogranate 3 yr tree,apply 15 kg compost  825 gm suphala and urea  tree
POD BORER IN TUR,SPRAY SPINOSAD 3ML  50ML NEEMOIL IN 10 LIT OF WATER AT AN INTERVAL OF 10 DAYS
QUANTITY OF DAP TO SPRAY ON GRAM,200GM DAP IN 10 LIT OF WATER AT AN INTERVAL OF 8-12 DAYS
POD BORER IN TUR,SPRAY QUINOLPHOS 20ML OR SPINOSAD 3ML  30ML NEEMOIL IN 10 LIT OF WATER
POD BORER IN TUR,SPRAY 20ML QUINOLPHOS IN 10 LIT OF WATER
FLOWER DROP IN TUR,SPRAY 3ML PLANOFIX IN 10 LIT OF WATER
SOWING SEASON FOR FODDER JOWAR,MARCH- APRIL
fertiliser dose of sugarcane,apply 215:115:115  kg npk ha
Basal dose,Apply DAP 100kgMOP 30kg per acre
RHIZOME FLY IN TURMERIC,DRENCH 20ML QUINOLPHOS  20GM COC  50ML NEEMOIL IN 10 LIT OF WATER AT AN INTERVAL OF 10 DAYS
control measure of drop flower of tur,spray planofix 4 ml in 10 liter of water
control measure of leaf eating catterpiller on tur,spray cypermethrin 4 ML IN 10 LITER OF WATER
PL TELL ME VARITIES OF CUMIN CROP,RZ-19 RZ-209
black gram season and variety,black gram season feb - mar and variety ADT 5
leaf folder control measure in paddy,spray monocrotophos 2ml  neem oil 3ml  lit of water
ASKED WHETHER HE CAN SPRAY FERTILIZER AND A PESTICIDE TOGETHER,ADVICED HIM NOT TO APPLY TOGETHER
ASKED ABOUT THE CONTROL OF STEM BORER IN RICE,RECOMMENDED TO SPRAY CARBOFURON 3G GRANULES 10KGACRE
ASKED ABOUT CONTROL FOR MOSAIC,REMOVE ROGGING THE PLANTS
ASKED ABOUT THE FERTILISER RECOMMENDATION IN PADDY,RECOMMENDED 48-24-20
ASKED ABOUT CONTROL FOR THRIPS DAMAGE,RECOMMENDED TO SPRAY ACEPHATE 15GRLITRE
ASKED ABOUT THE VARITIES IN PADDY,RECOMMENDED TO CHOOSE RDR-355 WGL-32100
ASKED ABOUT THE CONTROL OF SUCKING PEST IN RED GRAM,RECOMMENDED TO SPRAY ROGOR15GRLIT
ASKED ABOUT CONTROL FOR THRIPS DAMAGE,RECOMMENDED TO SPRAY ACEPHATE 15GRLITRE
ASKED ABOUT CONTROL FOR JASSIDS,RECOMMENDED TO SPRAY DIMETHOATE 2MLLT
ASKED ABOUT CONTROL FOR BROWN SPOT,RECOMMENDED TO SPRAY MANCOZEB MIXED WITH 3UREA
ASKED ABOUT CONTROL FOR APHIDS DAMAGE,RECOMMENDED TO SPRAY ROGOR 2MLLITRE
ASKED ABOUT THE CONTROL OF RICE BLAST,RECOMMENDED TO SPRAY TRICYCLOZOLE 06 GMLTR
ASKED ABOUT THE CONTROL OF SUCKING PEST IN BENGAL GRAM,RECOMMENDED TO SPRAY ACEPHATE15GRAMSLITER
ASKED ABOUT THE CONTROL OF THRIPS IN CHILLIES,RECOMMENDED TO SPRAY ACEPHATE15GRAMSLITER
ASKED ABOUT THE CONTROL OF GLH IN SUNFLOWER,RECOMMENDED TO SPRAY THIODICARB 15MLLT
ASKED ABOUT CONTROL FOR Mg DEFICIENCY,RECOMMENDED TO SPRAY MgSO4 2GRLITRE
ASKED ABOUT INFORMATION ON RABBITS,ESC TO AH
ASKED ABOUT CONTROL FOR DIE-BACK FRUITROT,RECOMMENDED TO SPRAY SPRAY MANCOZEB 3GMLT
ASKED ABOUT THE CONTROL OF TOBACCO CATERPILLAR,RECOMMENDED TO SPRAY QUINOLPHAS 2 MLLTR
ASKED ABOUT THE CONTROL OF BLAST IN PADDY,RECOMMENDED TO SPRAY TRYCYCLOZOLE06GRAMSLITER
ASKED BOUT THE CONTROL OF WEEDS,RECOMMENDED TOSPRAY BENTHIOCARP 15LTRACRE
ASKED ABOUT CONTROL OF STEM BORER IN PADDY,RECOMMENDED TO SPRAY CLORIPHIRIPHOS 2ML1L WATER
ASKED ABOUT CONTROL FOR SUCKING PESTS,RECOMMENDED TO SPRAY ROGOR 2MLLITRE
ASKED ABOUT CONTROL OF TERMITES,RECOMMENDED TO SPRAY LINDANE POWDER
ASKED ABOUT CONTROL OF RHINOCERUS BEETLE,RECOMMENDED TO SPRAY CARBARILSAND 25GM1HOLE
ASKED ABOUT CONTROL OF RHINOCERUS BEETLE,RECOMMENDED TO SPRAY CARBARILSAND 25GM1HOLE
ASKED ABOUT CONTROL FOR STEM BORER DAMAGE,RECOMMENDED TO SPRAY CHLORPYRIPOS 25MLLITRE
ASKED ABOUT CONTROL FOR STEM BORER DAMAGE,RECOMMENDED TO SPRAY CHLORPYRIPOS 25MLLITRE
ASKED ABOUT SOWING OF OIL PALM SEASON,RECOMMENDED TO SOW IN RAINY SEASON
ASKED ABOUT SOWING OF OIL PALM SEASON,RECOMMENDED TO SOW IN RAINY SEASON
ASKED ABOUT VARIETIES OF BEERA,RECOMMANDED VARITY SUREKASS-401
LEAF SPOTS IN RIDGE GOURD,MANCOZEB 2GMLT OF WATER
ASKED ABOUT CONTROL FOR BPH,RECOMMENDED TO SPRAY ACEPHATE 15GRLITRE
ASKED ABOUT SEED TREATMENT IN RICE,RECOMMNDED TO TREAT THE SEEDS WITH MANCOZEB 4GMKG SEED
ASKED ABOUT THE PROCESS OF RAISING DAIRYFARM,ESC TO AH
ASKED ABOUT CONTROL OF WEEDS IN PADDY,RECOMMENDED TO SPRAY BENTHIOCARB 125LT ACRE
ASKED ABOUT WEED CONTROL IN PADDY,RECOMMENDED TO SPRAY BENTHIOCARB 15ML
ASKED ABOUT FERTILIZER APPLICATION,RECOMMENDED TO APPLY 200KGS N 200KGS P 400KGS K PER ACRE PLANTS
ASKED ABOUT CONTROL FOR WEEDS,RECOMMENDED TO SPRAY BUTACLORE 15-2 LITACRE
ASKED ABOUT CONTROL FOR WEEDS,RECOMMENDED TO SPRAY BUTACHLORE 15LIT 200LIT WATERACRE
ASKED ABOUT THE WEEDICIDE AFTER 25 DAYS OF CROP STAND,ESC TO ATIC
ASKED ABOUT CONTROL FOR GALLMIDGE DAMAGE,RECOMMENDED TO SPRAY CARBOFURON GRANULES 10KGS PER ACRE
ASKED ABOUT THE CONTROL OF WEEDS,RECOMMENDED TO SPRAY ALACHLOR  15 LITACRE
CONTROL FOR ZINC DEFFICIE,RECOMMENDED TO SPRAY ZINCSULPHATE 2GMLIT
ASKED ABOUT FERTILIZER APPLICATION,RECOMMENDED TO SPRAY 32KGS N 24KGS P 16KGS K
ASKED ABOUT CONTROL FOR WEEDS,RECOMMENDED TO SPRAY BENTIOCORP 15LITACRE
ASKED ABOUT THE CONTROL OF BLAST,RECOMMENDED TO SPRAY TRICYCLOZOLE  06glit OF WATER
ASKED ABOUT THE CONTROL OF HISPA,RECOMENDED FOR THE APPLICATION OF MONOCROTOPHOS16MLLIT
ASKED ABOUT THE CONTROL OF SOWING SEASON,SUGGESTED TO SOW IN OCTOBER
ASKE ABOUT FERTLISER DOSAGE,INFORMED TO THAT DOSAGE IS 32KG N24KG P16-20KG K
ASKED ABOUT THE CONTROL OF BLAST,RECOMMENDED TO SPRAY TRICYCLOZOLE  05glit OF WATER
ASKED ABOUT THE INFORMATION ON BIO-FERTILISERS,GIVEN THE REQUIRED INFORMATION TO THE FARMER ON BIO-FERTILISERS
ASKED ABOUT THE CONTROL OF LEAFBLOTCH,RECOMENDED FOR THE APPLICATION OF CARBANDEZIM 1GLIT
ASKED ABOUT THE CONTROL OF WEEDS,RECOMENDED TO SPRAY PENDIMETHALYN 13-16LITACRE
ASKED ABOUT THE CONTROL OF SUCKING PEST,RECOMENDED TO SPRAY DIMETHOATE 2MLLIT
ASKED ABOUT THE CONTROL OF GREEN LEAF HOPPER IN RICE,RECOMMENDED TO SPRAY ETHOPENPHOS15MLLIT
ASKED ABOUT THE CONTROL OF STEM BORER IN RICE,RECOMMENDED TO SPRAY MONOCROTOPHOS 16MLLIT
ASKED ABOUT THE CONTROL OF DIE-BACK AND FRUIT ROT,RECOMMENDED TO SPRAY CAPTAN 15 GRLIT
ASKED ABOUT THE CONTROL OF GLH,RECOMMENDED TO SPRAY ETHOFENPHOS 15MLLIT
ASKED ABOUT THE CONTROL OF TUNGRO VIRUS,RECOMMENDED TO SPRAY ETHOFENPHOS 15 MLLIT
ASKED ABOUT THE CONTROL OF GREEN LEAF HOPPER,RECOMENDED TO SPRAY MONOCROTOPHOS 2MLLIT
ASKED ABOUT THE CONTROL OF SHEATH-BLIGHT,RECOMMENDED TO SPRAY HEXACONOZOLE 2 MLLIT
ASKED ABOUT THE CONTROL OF BPH,RECOMMENDED TO SPRAY BPMC 2 MLLIT
ASKED ABOUT THE CONTROL OF MITES,RECOMMENDED TO SPRAY DICOFAL 3MLLIT
ASKED ABOUT THE CONTROL OF MITES,RECOMMENDED TO SPRAY DICOFAL 3MLLIT
ASKED ABOUT THE CONTROL OF MITES,RECOMMENDED TO SPRAY DICOFAL 3MLLIT
ASKED ABOUT THE CONTROL OF SUCKINGPEST,RECOMMENDED TO SPRAY BORAX 3gmLIT
ASKED ABOUT THE GROWING SEASON AND CROP PERIOD OF 1010 PADDY VARIETY,RECOMMENDED TO RAISE IN RABI
ASKED ABOUT THE CONTROL OF SUCKINGPEST,RECOMMENDED TO SPRAY BORAX 3gmLIT
ASKED ABOUT THE GROWING SEASON AND CROP PERIOD OF 1010 PADDY VARIETY,RECOMMENDED TO RAISE IN RABI
ASKED ABOUT THE SOIL TYPE FOR SOWING GROUNDNUT,RECOMMENDED SOIL TYPES ARE SANDYRED SOILS
ASKED ABOUT CM PASHUKRANTHI PATAKAMU,INFORMMED TO AS PER THE PROVIDED DATA
ASKED ABOUT THE WEATHER REPORT,INFORMED AS PER THE PROVIDED DATA
ASKED ABOUT THE CONTROL OF SHEATH BLIGHT,RECOMMENDED TO SPRAY VALIDACIN 2 MLLIT
ASKED ABOUT THE WEATHER REPORT,INFORMED AS PER THE PROVIDED DATA
ASKED ABOUT THE CONTROL OF SHEATH BLIGHT,RECOMMENDED TO SPRAY VALIDACIN 2 MLLIT
ASKED ABOUT THE PHONE NUMBER OF JD ANIMAL HUSBANDRY,PROVIDED HIM WITH THE CONTACT NO
ASKED ABOUT THE PHONE NUMBER OF JD ANIMAL HUSBANDRY,PROVIDED HIM WITH THE CONTACT NO
ASKED ABOUT THE CONTROL OF SHEATHBLIGHT,RECOMMENDED TO SPRAY VALIDACIN 2 MLLIT OR HEXACONOZOLE 2 MLLIT
ASKED ABOUT THE CONTROL OF THRIPS,RECOMMENDED TO SPRAY FASALON 3 MLLIT OR MONOCROTOPHOS 15 MLLIT
ASKED ABOUT THE VARIETIES,RECOMMENDED VARIETIES ARE IGFRI-3808TNDN-1
ASKED ABOUT THE CONTROL OF MIDZE FLY IN CHILLI,RECOMMENDED TO SPRAY QUINOLPHOS 2MLLIT
ASKED ABOUT THE VARITIES,RECOMMENDED VARITY OFGREEN GOLD
ASKED ABOUT THE CONTROL OF CUSCUTA,RECOMMENDED TO SPRAY PERSUIT 200MLLTR
ASKED ABOUT THE CONTROL OF MANGO HOPPERS,RECOMMENDED TO SPRAY PHASPHOMIDON 05MLLT
ASKED ABOUT THE CONTROL OF STEM BORER IN MAIZE,RECOMMENDED TO SPRAY MONOCROTOPHOS2MLLIT
ASKED ABOUT THE CONTROL OF FRUIT AND SHOOT BORER IN BRINJAL,RECOMMENDED TO SPRAY PROFINOPHOS2MLLIT
ASKED ABOUT THE CONTROL OF FRUIT DROP,RECOMMENDED TO APPLY POTASH AND BLITOX 3GMLTR
ASKED ABOUT CONTROL FOR FLOWER DROPPING,RECOMMENDED TO SPRAY PLANOPHIX 1ML5LT
ASKED ABOUT THE CONTROL OF SHEATHBLIGHT IN PADDY,RECOMMENDED TO SPRAY HEXACONAZOLE2MLLIT
ASKED ABOUT THE CONTROL OF BPH IN RICE,RECOMMENDED TO SPRAY ACEPHATE 15GMLT
ASKED ABOUT THE CONTROL OF LEAF WEBBER IN MANGO,RECOMMENDED TO SPRAY QUINOLPHOS 2MLLT
ASKED ABOUT CONTROL FOR LEAF FOLDER,RECOMMENDED TO APPLY QUINALPHOS 2MLLT
ASKED ABOUT SOWING SEASON,RECOMMENDED TO GIVE 20-25CMS IN BETWEEN THE PLANTS
ASKED ABOUT THE CONTROL OF STEM BORER IN MAIZE,RECOMMENDED CARBOFURAN GRANULES3KGSACRE
ASKED ABOUT CONTROL FOR THRIPS,RECOMMENDED TO SPRAY IMEDACHLOPRID 2MLLT
ASKED ABOUT THE CONTROL OF SMUT IN SUGAR CANE,RECOMMENDED TO SPRAY PROPICONAZOLE05MLLITER
ASKED ABOUT THE CONTROL ROT ROT IN GROUND NUT,RECOMMENDED TO SPRAY MANCOZED3GRAMSLITER
ASKED ABOUT CONTROL FOR SUCKING PESTS,RECOMMENDED TO SPRAY ROGOR 2MLLITRE
ASKED ABOUT CONTROL FOR SUCKING PESTS,RECOMMENDED TO SPRAY ROGOR 2MLLITRE
ASKED ABOUT THE CONTROL OF BLAST IN PADDY,RECOMMENDED TO SPRAY TRYCYCLOZOLE06GRAMSLITER
ASKED ABOUT THE CONTROL OF STONE WEEVIL,RECOMMENDED TO SPRAY MONOCROTOPHAS 16MLLTR
ASKED ABOUT THE CONTROL OF FRUIT BORER IN MANGO,ESCALATION TO LEVEL TO 2
ASKED ABOUT CONTROL OF TURCICUM LEAF BLIGHT,RECOMMENDED TO SPRAYMANCOZEB 2GMLT
ASKED ABOUT CONTROL FOR RATS,RECOMMENDED TO MAKE THE MIXER OF BROMADIOLONE OIL PADDY MIXTURE AND PUT IT INTO THE HOLE
ASKED ABOUT CONTROL FOR POWDERY MILDEW DAMAGE,RECOMMENDED TO SPRAY WETTABLE SULPHER 3GRLITRE
ASKED ABOUT THE CONTROL OF ROOT ROT IN GROUND NUT,RECOMMENDED TO SPRAY MANCOZED600GRAMSACRE
ASKED ABOUT THE CONTROL OF SHEATH BLIGHT,RECOMMENDED TO SPRAY HEXACONOZOLE 2MLLTR
ASKED ABOUT THE CONTROL OF STEM BORER,RECOMMENDED TO SPRAY CARTAPHYDROCHLORIDE 2 GMLTR
ASKED ABOUT THE CONTROL OF BLAST IN PADDY,RECOMMENDED TO SPREAY TRYCYCLOZOLE06GRAMSLITER
ASKE ABOUT THE CONTROL OF FRUIT DROP IN MANGO,RECOMMENDED TO SPRAY PLANOFIX1MLLITER
ASKED ABOUT BHENDI VARIETIES,RECOMMENDED VARIETIES ARE ARKAANAMIKA ARKAABAYA
ASKED ABOUT THE CONTROL OF EARLY BLIGHT,RECOMMENDED TO SPRAY MANCOZEB 3GMLTR
ASKED ABOUT VARIETIES FOR KHARIF SEASON,RECOMMENDED TO CHOOSE YALAMANCHILI 11 OR 17
ASKED ABOUT INFORMATION ON SETS TREATMENT,RECOMMENDED TO MALATHION 2ML1L WATER SOAK THE SETS IN SOLUTION FOR 15 MIN
ASKED ABOUT CONTROL OF SHEATH BLIGHT,RECOMMENDED TO SPRAY HEXACONAZOLE 2ML1L WATER
ASKED ABOUT CONTROL FOR SHAETH BLIGHT,RECOMMENDED TO SPRAY CONTOFF 2MLLITRE
ASKED ABOUT CONTROL OF SHEATH BLIGHT,RECOMMENDED TO SPRAY HEXACONAZOLE 2ML1L WATER
ASKED ABOUT MITE DAMAGE IN COCONUT,RECOMMENDED TO SPRAY DICOFAL 5MLLT
ASKED ABOUT THE CONTROL OF SHEATH BLIGHT IN PADDY,RECOMMENDED TO SPRAY HEXACONAZOLE2MLLITER
ASKED ABOUT THE CONTROL OF BLAST IN PADDY,RECOMMENDED TO SPRAY TRYCYCLOZOLE06GRAMSLITER
ASKED ABOUT THE CONTROL OF SHEATH BLIGHT IN PADDY,RECOMMENDED TO SPRAY HEXACONAZOLE2MLLITER
ASKED ABOUT VARIETIES,RECOMMENDED TO CHOOSE HIMA OR CHANDANA
ASKED ABOUT THE CONTROL OF BPH IN PADDY,RECOMMENDED TO SPRAY HEXACVONAZOLE2MLLITER
ASKED ABOUT THE CONTROL OF BPH IN PADDY,RECOMMENDED TO SPRAY HEXACVONAZOLE2MLLITER
ASKED ABOUT CONTROL OF TERMITES IN MANGO,RECOMMENDED TO APPLY LINDANE POWDER
ASKED ABOUT CONTROL OF TERMITES IN MANGO,RECOMMENDED TO APPLY LINDANE POWDER
ASKED ABOUT CONTROL FOR RATS DAMAGE,RECOMMENDED TO APPLY BROMADIOLINE OIL MIXTURE
ASKED ABOUT CONTROL FOR RATS DAMAGE,RECOMMENDED TO APPLY BROMADIOLINE OIL MIXTURE
ASKED ABOUT CONTROL OF SHEATH ROT IN RICE,RECOMMENDED TO SPRAY BENOMYL 2MLLT
ASKED ABOUT CONTROL OF SHEATH ROT IN RICE,RECOMMENDED TO SPRAY BENOMYL 2MLLT
ASKED ABOUT CONTROL OF FRUIT DAMAGE IN JOWAR,RECOMMENDED TO SPRAY ENDOSULFAN 2MLLT
ASKED ABOUT THE CONTROL OF BLAST IN PADDY,RECOMMENDED TO SPRAY TRYCYCLOZOLE06GRAMSLITER
ASKED ABOUT VARITIES IN SESAMUM,RECOMMENDED VARITIES ARE YELAMANCHILI  RAJESWARI
ASKED ABOUT VARIETIES WHICH ARE RESISTANT FOR RICE BLAST IN KHARIF SEASON,RECOMMENDED TO CHOOSE MTU- 1001 OR 1010 OR 3626
ASKED ABOUT VARIETIES WHICH ARE RESISTANT FOR RICE BLAST IN KHARIF SEASON,RECOMMENDED TO CHOOSE MTU- 1001 OR 1010 OR 3626
ASKED ABOUT VARIETIES,RECOMMENDED TO CHOOSE RAJESHWARI OR SWETHATHIL
ASKED ABOUT VARIETIES,RECOMMENDED TO CHOOSE RAJESHWARI OR SWETHATHIL
ASKED ABOUT THE CONTROL OF SHEATH BLIGHT,RECOMMENDED TO SPRAY HEXACONOZOLE 2MLLTR
ASKED ABOUT THE CONTROL OF SHEATH BLIGHT,RECOMMENDED TO SPRAY HEXACONOZOLE 2MLLTR
ASKED ABOUT VARITIES OF SESAMUM,RECOMMENDED TO SWETHATHILRAJESHWARI VARITIES
ASKED ABOUT VARITIES OF SESAMUM,RECOMMENDED TO SWETHATHILRAJESHWARI VARITIES
ASKED ABOUT THE CONTROL OF STEM BORER,RECOMMENDED FOR THE APPLICATION OF CARTAPHYDROCHLORIDE 2GMLTR
ASKED ABOUT CONTROL FOR PINK BOLLWORM,RECOMMENDED TO APPLY ENDOSULFON 2MLLITRE
ASKED ABOUT THE CONTROL OF STEM BORER,RECOMMENDED TO SPRAY CARTAPHYDROCHLORIDE 2 GMLTR
ASKED ABOUT THE CONTROL OF BPH,RECOMMENDED FOR THE APPLICATION OF ACEPHATE 15 GMLTR
ASKED ABOUT CONTROL FOR STORAGE PESTS,RECOMMENDED TO APPLY ALUMINIUM PHOSPIDE TABLETS
ASKED ABOUT CONTROL FOR STORAGE PESTS,RECOMMENDED TO APPLY ALUMINIUM PHOSPIDE TABLETS
ASKED ABOUT FRUIT FALL IN MANGO,RECOMMANDED TO SPRAY POLYFIDE3GM 15ML MONOCROTPHOS IN LITER WATER
ASKED ABOUT BIRD REARING,GIVEN NO: 040-24015323
EASILY PULL OUT OF SUGARCANE,RECOMMANDED TO SPRAY ENDOSULPHON2MLLIT WATER
ASKED ABOUT CONTROL FOR FRUIT BORER DAMAGE,RECOMMENDED TO SPRAY QUINOLPHOS 2MLLITRE
ASKED ABOUT CONTROL OF STEM BORER IN JOWAR,RECOMMENDED TO SPRAY CARBOFURAN 4G GRANULES
ASKED ABOUT THE RICE VARIETIES,RECOMMENDED VARIETIES ARE MTU1001APOORVAPRABATH
ASKED ABOUT CONTROL OF RICE STEM BORER,RECOMMENDED TO SPRAY CARTAPHYDROCHLORIDE 25GMLT
ASKED ABOUT THE EARLY SOWING,ESC TO ATIC
ASKED ABOUT COTROL OF MITES,RECOMMENDED TO SPRAY DICOFOL 2GMLTWATER
ASKED ABOUT THE WEEDICIDE,RECOMMENDED TO SPRAY PENDIMITHALIN 15 LTRACRE
ASKED ABOUT AGRICULTURE IMPLEMENTS,PROVIDED HIM WITH REQUIQED INFIRMATION
ASKED ABOUT THE WEEDICIDE,RECOMMENDEDWEEDICIDE IS BENTHIOCARP 15 LTRACRE
ASKED ABOUT THE CONTROL OF RUSTANTHRACNOSE,RECOMMENDED TO SPRAY COPPEROXI CHLORIDE3glit OF WATER
ASKECX ABOUT THE SOWING SEASON,INFORMED THAT IT IS JUNE TO JULY
ASKED ABOUT THE VARIETIES,RECOMMENDED VARIETIES ARE PKM-1JAFNA
ASKED ABOUT SEED TREATMENT OF TURMERIC,RECOMMENDED TO TREAT THE SEEDS WITH MANCOZEB 3GMKG SEED IN 1 LT
ASKED ABOUT FERTILIZER DOSAGE IN OILPALM IN THIRD YEAR,RECOMMENDED TO APPLY N-2610  SSP-3750 MOP-2000 MAGNESIUM SULPHATE-500 GMSPLANT
ASKED ABOUT THE WEED CONTROL,RECOMMENDED TO SPRAY ATRATAP800gacre TO BE MIXED IN 240 LIT OF WATER
ASKED ABOUT CONTROL FOR WEEDS,RECOMMENDED TO SPRAY 100ML GLYPHOSATE WITH 100GR AMMONIUM SULPHATE WITH 10 LITRES OF WATER
ASKED ABOUT CONTROL FOR SUCKING PESTS DAMAAGE,RECOMMENDED TO SPRAY ROGOR 2MLLITRE
ASKED ABOUT CONTROL FOR WEEDS,RECOMMENDED TOSPRAY PARAQUAT 40ML10LIT WATER
ASKED ABOUT VARIETIES,RECOMMENDED TO CHOOSE ICPL-85063 OR PALNADU OR LRG-38
ASKED ABOUT REMEDY FOR ZINC DEFFICIENCY,RECOMMENDED TO SPRAY ZNSO4  2glit OF WATER
ASKED ABOUT CONTROL FOR WEEDS,RECOMMENDED TO SPRAY ALLACHLORE 1LITREACRE
ASKED ABOUT THE CONTROL OF FRUIT BORER,RECOMMENDED TO SPRAY PROPHENOPHOS  2mllit OF WATER
ASKED ABOUT INFORMATION ON DRUM SEED TECHNIQUE,ESC TO ATIC
ASKED ABOUT WEATHER DATA,ANSWER GIVEN AS PER DATA
ASKED ABOUT THE CONTROL OF STEM BORER DAMAGE,RECOMMENDED TO SPRAY CARTAP HYDRO CHLORIDE 2 GMLTR
ASKED ABOUT THE CONTROL OF ZINC DEFECIENCY,RECOMMENDED FOR THE APPLICATION OF ZINC SULPHATE 2 GMLTR
ASKED ABOUT CONTROL FOR LEAFFOLDER DAMAGE,RECOMMENDED TO SPRAY CHLORPYRIPOS 25MLLITRE
ASKED ABOUT CONTROL FOR POWDERY MILDEW,RECOMMENDED TO SPRAY DINOCAP 1MLLIT
ASKED ABOUT CONTROL OF WEEDS IN PADDY,RECOMMENDED TO SPRAY BUTACHLORE 15LT200LT WATER
ASKED ABOUT INFORMATION ON BIOFERTILIZER,ESC TO ATIC
ASKED ABOUT THE CONTROL OF ZINC DEFECIENCY,RECOMMENDED FOR THE APPLICATON OF ZINC SLPHATE 2 GMLTR
ASKED ABOUT THE FERTILIZER DOSAGE,RECOMMENDED DOSAGE IS 32 KG-N 24 KG-P 20-KG-K
ASKED ABOUT FERTILISER DOSAGE,RECOMMENDED FOR THE APPLICATION 14KG N 44KG P14KG K
ASKED ABOUT THE CONTROL OF SHEATH BLIGHT,RECOMMENDED TO SPRAY PROPICONOZOLE 2MLLIT OF WATER
ASKED ABOUT THE CONTROL OF STEM BORER,RECOMMENDED TO SPRAY CHLORIPYRIPHOS  25mllit OF WATER
ASKED ABOUT THE CONTROL OF HOPPER,RECOMMENDED TO SPRAY CARBORYL  3GLIT OF WATER
ASKEDA ABOUT THE CONTROL OF FRUIT BORER,RECOMMENDED TO SPRAY PROPHENOPHOS  2mllit OF WATER
SAKED ABOUT THE CONTROL OF RUST DISEASE,RECOMMENDED TO SPRAY MANCOZE4B  25glit OF WATER
SAKED ABOUT THE CONTROL OF RUST DISEASE,RECOMMENDED TO SPRAY MANCOZE4B  25glit OF WATER
ASKED ABOUT THE CONTROL OF BLAST IN PADDY,RECOMENDED TO SPRAY TRICYCLAZOLE 06GRLIT OR ADEFENPHOS 1MLLIT
ASKED ABOUT THE CONREOL OF STEM BORER,RECOMMENDED TO SPRAY CHLORIPYRIPHOS  25mllit OF WATER
ASKED ABOUT THE CONTROL OF GUNDHIBUG,RECOMENDED FOR THE APPLICATION OF MONOCROTOPHOS 16MLLIT
ASKED ABOUT THE CONTROL OF GREENLEAF HOPPER,RECOMENDED FOR THE APPLICATION OF MONOCROTOPHOS 22 MLLIT
ASKED ABOUT THE CONTROL OF SHEATROT,RECOMENDED FOR THE APPLICATION OF BENOMYL 05GLIT
ASKED ABOUT THE FERTILIZER DOSAGE FOR RICE NURSERY,RECOMMENDED TO APPLY 2KG N1KG P1KG K5 CENTS AREA
ASKED ABOUT THE CONTROL OF BPH,RECOMMENDED TO APPLY CARBOFURAN 3G  10kgacre
ASKED ABOUT CONTROL OF SHEATH ROT,RECOMMENDED FOR THE APPLICATION OF BENOMIL 05GMLIT
ASKED ABOUT THE CONTROL OF SHEATH ROT,RECOMMENDED TO SPRAY BENOMYL 05 GRLIT 2 TIMES IN 7 DAYS INTERVAL
ASKED ABOUT THE CONTROL OF BPH,RECOMMENDED TO SPRAY ETHOFENPHOS 15 MLLIT
ASKED ABOUT THE CONTROL OF THRIPS,RECOMMENDED TO SPRAY CARBARYL  600gacre
ASKED ABOUT THE SOWING SEASON,INFORMED TO SOW DURING NOVEMBER-JUNUARY
ASKED ABOUT THE VARIETIES,RECOMMENDED VARIETIES ARE MORDENDRSF-108DRSH-1
ASKED ABOUT THE SOWING SEASON,INFORMED TO SOW DURING NOVEMBER-JUNUARY
ASKED ABOUT THE VARIETIES,RECOMMENDED VARIETIES ARE MORDENDRSF-108DRSH-1
ASKED ABOUT THE CONTROL OF WEEDS,RECOMMENDED FOR THE APPLICATION OF PENDIMITHALIN 15 LTRACRE
ASKED ABOUT THE CONTROL OF WEEDS,RECOMMENDED FOR THE APPLICATION OF PENDIMITHALIN 15 LTRACRE
ASKED ABOUT HYBRID NAPIAR GRASS VARITIES AND SOWING SEASON,INFORMMED TO THAT VARITIES ARE APBS-1IGFRI-3CO-3IGRI-10 AND SOWING SEASONIS FROM JANAVARY TO FEB
ASKED ABOUT THE CONTROL OF FLOWER DROP,RECOMMENDED FOR THE APPLIATION OF NAA AND DAP
ASKED ABOUT THE VARIETIES,RECOMMENDED VARIETIES ARE NLR-33359RDR-355NLR-33057
ASKED ABOUT THE VARIETIES,RECOMMENDED VARIETIES ARE NLR-33359RDR-355NLR-33057
ASKED ABOUT THE CONTROL OF FRUIT BORER,RECOMMENDED TO SPRAY PROFENOPHOS 2 MLLIT
ASKED ABOUT THE VARIETIES,RECOMMENDED VARIETIES ARE 90A17690R597A85
ASKED ABOUT THE VARIETIES,RECOMMENDED VARIETIES ARE 90A17690R597A85
ASKED ABOUT THE CONTROL OF FRUIT BORER,RECOMMENDED TO SPRAY PROFENOPHOS 2 MLLIT
ASKED ABOUT THE CONTROL OF WHITE FLY,RECOMMENDED TO SPRAY ACEPHATE  15glit OF WATER
ASKED ABOUT THE CONTROL FOR FLOWER DROP,RECOMMENDED TO SPRAY PLANOFYX  25ml10lit OF WATER
ASKED ABOUT THE CONTROL OF EARLY BLIGHT,RECOMMENDED TO SPRAY MANCOZEB 3 GRLIT
ASKED ABOUT THE CONTROL OF EARLY BLIGHT,RECOMMENDED TO SPRAY MANCOZEB 3 GRLIT
ASKED ABOUT THE CONTROL OF FLOWER DROP,RECOMMENDED TO SPRAY PLANOFIX 25ML10LIT
ASKED ABOUT THE WEATHER REPORT,INFORMED HIM AS PER THE REPORTS PROVIDED
ASKED ABOUT THE WEATHER REPORT OF PARVATIPURAM,INFORMED AS PER THE PROVIDED INFORMATION
ASKED ABOUT THE CONTROL OF SHEATH ROT,RECOMMENDED TO SPRAY BENOMIL 1 GR2LIT
ASKED ABOUT THE CONTROL OF FRUIT BORER,RECOMMENDED TO SPRAY PROPHENOPHOS  2mllit OF WATER
ASKED ABOUT CONTROL OF LEAFSPOT,RECOMMENDED TO SPRAY MANCOZEB 3GMLIT
ASKED ABOUT THE CONTROL OF BLAST,RECOMMENDED TO SPRAY TRICYCLOZOLE  05glit OF WATER
ASKED ABOUT THE SOWING SEASON,RECOMMENDED TO SOW DURING JANUARY-FEBRUARY
ASKED ABOUT WEATHER REPORT,INFORMMED AS PER PROVIDED DATA
ASKED ABOUT THE CONTROL OF EARLY BLIGHT,RECOMMENDED TO SPRAYN COPPER OXY CHLORIDE 3GMLTR
ASKED ABOUT THE CONTRL OF WEEDS,RECOMME4NDED TO PSRAY PARAQUAT 40ML10LTR
ASKED ABOUT THE CONTROL OF FRIUIT DROPIN MANGO,RECOMMENDEDTO SPRAY 1GR 24DIN 100LTR OF WATER
ASKED ABOUT THE CONTROL OF SUKING PEST IN MANGO,RECOMMENDED TO SPRAY PHOSPOMIDON05MLLIT
ASKED ABOUT THE CONTROL OF FRUIT AND SHOOT BORER IN BRINJAL,RECOMMENDED TO SPRAY PROPHENOPHOS 2MLLT
ASKED ABOUT THE CONTROL OF BACTERIAL WILT IN BRINJAL,RECOMMENDED TO CYPERMETHRIN05MLLIT
ASKED ABOUT CONTROL FOR CHILLI THRIPS,RECOMMENEDED TO SPRAY ACEPHATE 15GRLITRE
ASKED ABOUT CONTROL FOR SUCKING PESTS,RECOMMENDED TO SPRAY ROGOR 2MLLITRE
ASKEC ABOUT THE CONTROL OF POWDERY MILDEW IN CUCURBITS,RECOMMENDED TO SPRAY METALAXYL MZ2GRAMSLITRE
ASKED ABOUT THE CONTROL OF BLAST IN RICE,RECOMMENDED TO SPRAY TRYCYCLOZOLE06GRMSLITER
ASKED ABOUT CONTROL FOR SCALES,RECOMMENDED TO SPRAY ROGOR 2MLLITRE
ASKED ABOUT INFORMATION FOR TURKEY BIRDS,ESC TO 23311720
ASKED ABOUT CONTROL FOR RICE BLAST,RECOMMENDED TO SPRAY TRICYCLOZOLE 120GR200 LITRES
ASKED ABOUT THE CONTROL OF SHEATH BLIGHT IN PADDY,RECOMMENDED TO SPRAY HEXACONAZOLE2MLLITER
ASKED ABOUT MARKET PRICE IN MAIZE,RECOMMENDED MARKET PRICE 860RS
ASKED ABOUT MARKET PRICE IN MAIZE,RECOMMENDED MARKET PRICE 860RS
ASKED ABOUT THE CONTROL OF WEEDS IN SUGAR CANE CROP,RECOMMENDED TO SPRAY METROBIZIN600GRAMS45LITERS
ASKED ABOUT THE CONTROL OF BLAST IN PADDY,RECOMMENDED TO SPRAY TRYCYCLOZOLE06GRAMSLITER
ASKED ABOUT CONTROL OF WEEDS IN SUGAR CANE CROP,RECOMMENDED TO ATRAZIN 2KGACRE
ASKED ABOUT CONTROL OF STEM BORER IN PADDY,RECOMMENDED TO SPRAY CLOROPHIRIPHOS 2ML1L WATER
ASKED ABOUT VARIETIES,RECOMMENDED TO CHOOSE DHM VARIETIES LIKE 109 OR 107
ASKED ABOUT THE FERTILIZER DOSAGE,RECOMMENDED FOR THE APPLICATION OF 200GM N200GM K PER PLANT IN EQUAL PARTS AT3570120180 DAS
ASKED ABOUT THE FERTILIZER DOSAGE,RECOMMENDED FOR THE APPLICATION OF 200GM N200GM K PER PLANT IN EQUAL PARTS AT3570120180 DAS
ASKED ABOUT THE CONTROL OF BLAST IN PADDY,RECOMMENDED TO SPRAY TRYCYCLOZOLE06GRAMSLITER
ASKED ABOUT THE CONTROL OF BLAST IN PADDY,RECOMMENDED TO SPRAY TRYCYCLOZOLE06GRAMSLITER
ASKED ABOUT CONTROL OF WILTING OF CITRUS PLANTS,RECOMMENDED TO SPRAY COC 3GM1L WATER
ASKED ABOUT SEED TREATMENT,RECOMMENDED TO APPLY CARBENDAZIM 25GRKG SEED
ASKED ABOUT THE VARIETIES,RECOMMENDED VARIETIES ARE CO6907CO T820185A26181A9981V4884A125
ASKED ABOUT FLOWERING IN PAPAYA,RECOMMENDED TO SPRAY PLANOFIX 25GM10LT
ASKED ABOUT THE FARM IMPLEMENTS,GAVE HIM THE INFORMATION REGARDING FARM IMPLEMENTS
ASKED ABOUT INFORMATION ON RABBIT FARM,ESC TO AH
ASKED ABOUT THE SEEDRATE,RECOMMENDED SEEDRATE IS 2-3 KGACRE
ASKED ABOUT CONTROL FOR FLOWER DROP,RECOMMENDED TO SPRAY PLANOPHIX 25ML10 LITRES
ASKED ABOUT THE RABBIT REARING,ESC TO AH
ASKED ABOUT THE SRI CULTIVATION,GIVEN THE DATA AS PER PROVIDED
ASKED ABOUT CONTROL FOR SUCKING PESTS CONTROL,RECOMMENDED TO SPRAY ROGOR 2MLLITRE
ASKED ABOUT RICE VARITIE,RECOMMENDED VARITIE IS BPT-5204
ASKED ABOUT CONTROL OF RICE STEM BORER IN PADDY,RECOMMENDED TO SPRAY CQARTAPHYDROCH LORIDE 8KGACRE
ASKED ABOUT MARKET INFORMATION OF SESAMUM,GIVEN AS PER DATA
ASKED ABOUT THE INFORMATION ABOUT THE PRACTICE OF SRI VARI SAGU,PROVIDED HIM WITH THE REQUIRED INFORMATION
ASKED ABOUT CONTROL FOR IRON DEFFICIENCY,RECOMMENDED TO SPRAY ANNABEDI 20GMLIT WATER
ASKED ABOUT THE VARIETIES,RECOMMENDED VARIETIES ARE BENESHANTOTAPURIMANJEERANEELESHAN
ASKED ABOUT GRANULES DOSAGE IN PADDY,RECOMMENDED TO APPLY CAROFURAN GRANULES
ASKED ABOUT RABBIT INFPRMATION,ESC ANIMAL HUSBANDARY
ASKED ABOUT CONTROL FOR LEAFFOLDER,RECOMMENDED TO SPRAY CLOROPYRIPOS 2MLLIT
ASKED ABOUT THE CONTROL OF STEM BORER,RECOMMENDED FOR THE APPLICATION OF CARTAPHYDROCHLORIDE 2 GMLTR
ASKED ABOUT THE CONTROL OF STEM BORER,RECOMMENDED TO SPRAY ACEPHATE  15glit OF WATER
ASKED ABOUT CONTROL OF RICE LEAF FOLDER,RECOMMENDED TO SPRAY ACEPHATE 15GMLT
ASKED ABOUT CONTROL OF SHEATH BLIGHT IN PADDY,RECOMMENDED TO SPRAY HEXACONAZOLE 2MLLT
ASKED ABOUT THE FERTILIZER DOSAGES,RECOMENDE FOR APPLICATION AS RECORDING TO THE DOSAGES GIVEN
ASKED ABOUT THE COST OF BAJRA NARSARAOPETVAR,INFORMED ABOUT THE COST AS MAX1000 RsQuintal
ASKED ABOUT THE COST OF BAJRA NARSARAOPETVAR,INFORMED ABOUT THE COST AS MAX1000 RsQuintal
ASKED ABOUT THE CONTROL OF IRON DEFECIENCY,RECOMMENDED FOR THE APPLICATION OF 30 GM ANNABEDHI  2GM LIME SALY PER LITRE WATER
ASKED ABOUT THE CONTROL OF BPH,RECOMMENDED FOR THE APPLICATION OF ACEPHATE 15 GMLTR
ASKED ABOUT CONTROL OF BPH IN RICE,RECOMMENDED TO SPRAY MONOCROTOPHOS 22MLLIT
ASKED ABOUT THE SOWING TIME,INFORMED TO SOW DURING OCTOBER
ASKED ABOUT THE CONTROL OF TERMITES,RECOMMENDED TO SPRAY LINDANE 3 MLLIT
ASKED ABOUT THE VARITIES,SUGGESTED VARITIES ARE LUTINRED TREMPHCARDINAL
ASKED ABOUT THE WEATHER REPORT OF PARVATIPURAM,INFORMED AS PER THE PROVIDED INFORMATION
ASKED ABOUT THE CONTROL OF FLOWER DROP,RECOMMENDED TO SPRAY 24-D 1gm100LIT
ASKED ABOUT THE CONTROL OF BLAST,RECOMMENDED TO SPRAY TRICYCLOZOLE  05glit OF WATER
ASKED ABOUT THE VARITIES THAT ARE SUITABLE FOR RABI,SUGGESTED TO GO FOR IR-64SWATHISOMASHEELAPOTHANA
ASKED ABOUT CONTROL OF CLIMBING CUTWORM,RECOMMENDED FOR THE APPLICATION OF ENDOSULPHON 2OMLDICHLORVAS 1MLLIT
ASKED ABOUT THE WEATHER,INFORMED HIM AS PER THE REPORTS PROVIDED
ASKED ABOUT THE CONTROL OF SUCKING PEST,RECOMMENDED TO SPRAY DIMETHOATE 2MLLIT
ASKED ABOUT THE CONTROL OF CERCOSPORA LEAFSPOT,RECOMMENDED TO SPRAY COPPEROXYCHLORIDE 3GMLIT
ASKED  ABOUT THE FERTILIZZER APPLICATION,RECOMMENDED TO APPLAY 90GM UREA260GM SINGLE SUPER PHOSPHATE140GM M O P  EVERY TWO MONTHS
ASKED ABOUT THE CONTROL OF RICE BLAST,RECOMMENDED TO SORAY TRICYCLOZOLE 06GMLTR
ASKED ABOUT THE CONTROL OF ZINC DEFECIENCY,RECOMMENDED TO APPLY ZINCSULPHATE 20KGACRE
ASKED ABOUT THE FERTILISER RECOMMDNDATION IN PADDY,RECOMMENDED 48-24-16
ASKED ABOUT THE SEED VARIETIES OF PAPAYA,RECOMMENDED RED LADY VARIETY PAPAYA
ASKED ABOUT CONTROL FOR STEMBORER,RECOMMENDED TO SPRAY CHLORIPHYRIPHOS 2MLLT
ASKED ABOUT RECOMMENDATIONS OF STORAGE FOR SPAN,RECOMMENDED TO STORE THE SPAN AT 5-10 CENTIGRADE FOR ONE MONTH
ASKED ABOUT THE CONTROL OF BLAST IN RICE,RECOMMENDED TO SPRAY TRICYCLOZOLE 006GMLT
ASKED ABOUT THE CONTROL OF SHEATH BLIGHT IN PADDY,RECOMMENDED TO SPRAY HEXACONAZOLE2MLLIT
ASKED ABOUT THE CONTROL OF RICE BLAST,RECOMMENDED TO SPRAY TRYCYCLOZE066GRACRE
ASKED ABOUT CONTROL FOR WEEDS,RECOMMENDED TO SPRAY PENDIMETHYLIN 15LTACRE
ASKED ABOUT THE CONTROL OF BROAD LEAF WEEDS IN PADDY,RECOMMENDED TO SPRAY 24DETHYL ESTER4GRNULES 4KGSACRE
ASKED ABOUT THE CONTROL OF GALLMIDGE,RECOMMENDED TO SPRAY CARBOFURAN 10 KGACRE
ASKED ABOUT CONTROL FOR STEM BORER,RECOMMENDED TO APPLY CARTAPHYDROCHLORIDE 4G GRANULES 8KGACRE
ASKED ABOUT THE CONTROL OF SHEATH BLIGHT IN PADDY,RECOMMENDED TO SPRAY HEXACONAZOLE2MLLIT
ASKED ABOUT THE CONTROL OF BLAST IN RICE,RECOMMENDED TO SPRAY TRICYCLOZOLE 006GMLT
ASKED ABOUT THE CONTROPL OF FLOWER DROP,RECOMMENDED TO PROVIDE NUTRIENTS AND TO SPRAY PLANOPHIX 1ML5LTR
ASKED ABOUYT THE DOSAGE OF UREA FOR THIRD APPLICATION,RECOMMENDED TO APPLY 20KG UREAACRE
ASKED ABOUT CONTROL FOR LEAF SPOTS,RECOMMENDED TO SPRAY BAVISTIN 1GRLITRE
ASKED ABOUT THE CONTROL OF STEM BORER,RECOMMENDED TO SPRAY MONOCROTOPHOS2MLLIT
ASKEDE ABOUT THE CONTROL OF RICE BLAST,RECOMMENDED TO SPRAY TRICYCLOZOLE 06GMLTR
ASKED ABOUT CONTROL FOR Mg DEFICIENCY,RECOMMENDED TO SPRAY MAGNISHIYAM SULPHATE 10GMLT
ASKED ABOUT CONTROL FORSTEM BORER,RECOMMENDED TO SPRAY CARTAPHYDROCHLORIDE 4G 8KGACRE
ASKED ABOUT THE CONTROL OF LEAF WEBBER IN MANGO,RECOMMENDED TO SPRAY QUINOLPHOS 2MLLT
ASKED ABOUT CONTROL FOR GALLMIDGE,RECOMMENDED TO APPLY PHORATE 10G 5KGACRE
ASKED ABOUT REMEDY FOR THE LEAF DROP,RECOMMENDED TO CUT THE LEAVES THERE IS NO OTHER REMEDY
ASKED ABOUT CONTROL FOR BROAD LEAVED PLANTS WITH MONOCOT WEEDS IN RICE FIELD,RECOMMENDED TO SPRAY 4KGS BUTACHLOR MIXED WITH 4KGS 24-D AND ETHYL ESTER 4
ASKED ABOUT THE CONTROL OF TIKKA LEAF SPOT IN GROUND NUT,RECOMMENDED TO SPRAY CHLOROTHALANIL 2MLLT
ASKED ABOUT CONTROL FOR STEM BORER DAMAGE,RECOMMENDED TO SPRAY CORTOP HYDROCHLORIDE 2GRLITRE
ASKED ABOUT CONTROL FOR GALLMIDGE,RECOMMENDED TO APPLY PHORATE10G 5KGACRE
ASKED ABOUT THE CONTROL OF STEM BORER,RECOMMENDED TO SPRAY CARTAPHYDROCHLORIDE 2GMLTR
ASKED ABOUT CONTROL FOR WEED,RECOMMENDED TO SPRAY BUTACHLORE 16LTACRE
ASKED ABOUT CONTROL FOR WEED,RECOMMENDED TO SPRAY BENTHIOCARP 2LTACRE
ASKED ABOUT THE CONTROL OF BLAST IN PADDY,RECOMMENDED TO SPRAY TRYCYCLOZOLE6GRAMSLIT
ASKED ABOUT THE FERTILIZER APPLICATION,RECOMMENDED FERTILIZERS ARE 48KGN 24KGP 16KGK
ASKED ABOUT CONTROL FOR RICE BLAST,RECOMMENDED TO SPRAY TRICYCLOZOLE 120GR200 LITRES
ASKED ABOUT CONTROL FOR WEED,RECOMMENDED TO APPLY BUTACHLORE 15-2LTACRE
ASKED ABOUT THE CONTROL OF SHEATH BLIGHT IN PADDY,RECOMMENDED TO SPRAY HEXACONAZOLE2MLLIT
ASKED ABOUT THE CONTROL OF LITTLE LEAF BRINJAL,RECOMMENDED TO SPRAY METHYL DEMATON 2MLLT
ASKED ABOUT CONTROL FOR STEM BORER DAMAGE,RECOMMENDED TO APPLY CORTOP HYDROCHLORIDE GRANULES 8KGSACRE
ASKED ABOUT MARKET INFORMATION,GIVEN INFORMATION IS 2000-2500
ASKED ABOUT CONTROL FOR WEEDS,RECOMMENDED TO SPRAY PARAQUAT 40ML10LT
ASKED ABOUT THE CONTROL OF BLAST IN RICE,RECOMMENDED TO SPRAY TRICYCLOZOLE 06GMLT
ASKED ABOUT THE CONTROL OF BLAST IN PADDY,RECOMMENDED TO SPRAY TRYCYCLOZE06GRAMSLIT
ASKED ABOUT THE CONTROL OF BLAST IN PADDY,RECOMMENDED TO SPRAY TRYCYCLOZOLE06GRAMSLIT
ASKED THAT WILL THERE BE ANY PROBLEM IF THERE IS GROWTH OF AZOLLA IN PADDY FIELD,INFORMED THAT IT IS USEFUL TO THE FIELD AND THERE IS NO PROBLEM WITH THAT
ASKEDABOUT CONTROL FOR TERMITES,RECOMMENDED TO SPRAY CHLORYPHYRIPHOS 2MLLT
ASKED ABOUT POTASSIUM DEFICIENCY,RECOMMENDED TO SPRAY POTASSIUM SULPHATE 2GMLT
ASKED ABOUT THE CONTROL OF SHEATH ROT,RECOMMENDED TO SPRAY CARBENDAZIM 1GMLTR
ASKED ABOUT APPLICATION OF NEEM OIL,RECOMMENDED TO SPRAY 5MLLITRE
ASKED ABOUT THE CONTROL OF HELICOVERPA IN BEANS,RECOMMENDED TO SPRAY QUINOLPHOS 2MLLT
ASKED ABOUT THE CONTROL OF THRIPS IN CHILLIES,RECOMMENDED TO SPRAY ACEPHATE15GRAMSLITER
ASKED ABOUT THE CONTROL OF YELLOW STEM BORER,RECOMMENDED TO SPRAY CARTAP HYDRO CHLORIDE25GRMSLITER
ASKED ABOUT CONTROL FOR SHEATH BLIGHT,RECOMMENDED TO SPRAY HEXACONAZOLE 2MLLT
ASKED ABOUT CONTROL FOR RICE BLAST,RECOMMENDED TO SPRAY TRICYCLOZOLE 120GR200 LITRES ACRE
ASKED ABOUT CONTROL FOR LEAF FOLDER DAMAGE,RECOMMENDED TO SPRAY CHLORPYRIPOS 25MLLITRE
ASKED ABOUT THE CONTROL OF BPH,RECOMMENDED TO SPRAY ACEPHATE 15 GMLTR
ASKED ABOUT THE CONTROL OF BLAST IN PADDY,RECOMMENDED TO SPRAY TRYCYCLOZOLE06GRAMSLITER
ASKED ABOUT CONTROL FOR WEEDS,RECOMMENDED TO SPRAY PENDIMETHALINE 13-16 LITRESACRE
ASKED ABOUT CONTROL FOR SHEATH ROT,RECOMMENDED TO SPRAY BENOMIL 05GMLT
ASKED ABOUT THE CONTROL OF BPH IN PADDY,RECOMMENDED TO SPRAY ACEPHATE 15GRAMS LITER
ASKED ABOUT CONTROL FOR WEEDS IN BETWEEN THE COCONUT PLANTS,RECOMMENDED TO SPRAY STOMP 13-16 LITERS ACRE
ASKED ABOUT INFORMATION ON MUSHROOMS,ESC TO MUSHROOMS
ASKED ABOUT THE CONTROL OF STEM BORER,RECOMMENDED TO SPRAY CARTAPHYDROCHLORIDE 2GMLTR
ASKED ABOUT THE SEED TREATEMENT,RECOMMENDED TO DO SEED TREATEMENT WITH RHIZOBIUM
ASKED ABOUT THE CONTROL OF SUCKING PEST IN RIDGE GOURD,RECOMMENDED TO SPRAU ACEPHATE15GRAMSLITER
ASKED ABOUT CONTROL FOR DIE-BACK FRUIT ROT,RECOMMENDED TO APPLY CAPTON 3GMLT
ASKED ABOUT THE CONTROL OF STEM BORER IN RICE,RECOMMENDED TO SPRAY CARBOFURON 3G GRANULES 10KGACRE
ASKED ABOUT CONTROL FOR FLOWER DROP,RECOMMENDED TO SPRAY PLANOPHIX 1ML5LITRES
ASKED ABOUT CONTROL FOR SHEATH BLIGHT,RECOMMENDED TO SPRAY HEXACONAZOLE 2MLLT
ASKED ABOUT CONTROL FOR WHITE FLY,RECOMMENDED TO SPRAY ACEPHATE 15GMLT
ASKED ABOUT THE CONTROL OF THRIPS,RECDOMMENDED FOR THE APPLICATION OF MONOCROTOPHAS 15MLLTR
ASKED ABOUT THE CONTROL OF BLAST IN PADDY,RECOMMENDED TO SPRAY TRYCYCLOZOLE 06GRAMSLITER
ASKED ABOUT INFORMATION FOR ANIMAL HUSBANDRY RESEARCH STATION PHONE NO,GIVEN PHONE NO IS 08818-284444
ASKED ABOUT THE CONTROL OF RICE BLAST,RECOMMENDED TO SPRAY TRICYCLOZOLE 06 GMLTR
ASKED ABOUT THE CONTROL OF SHEATH BLIGHT,RECOMMENDED TO SPRAY HEXACONOZOLE 2 MLLTR
ASKED ABOUT THE CONTROL OF TERMITES IN NEEM,RECOMMENDED FOR THE APPLICATION OF FOLIDAL
ASKED ABOUT CONTROL OF BPH IN RICE,RECOMMENDED TO APPLY ETOPHENPHOS 15MLLT
ASKED ABOUT THE CONTROL OF STEM BORER,RECOMMENDED FOR THE APPLICATIONOF CARTAP HYDROCHLORIDE 2 GMLTR
ASKED ABOUT CONTROL FOR RICE BLAST,RECOMMENDED TO SPRAY BEAM 120GR 200 LITRES ACRE
ASKED ABOUT CONTROL FOR LEAF FOLDER,RECOMMENDED TO SPRAY CHLORPYRIPOS 25MLLITRE
ASKED ABOUT THE CONTROL OF BLAST IN PADDY,RECOMMENDED TO SPRAY TRYCYCLOZOLE06GRAMSLITER
ASKED ABOUT THE CONTROL OF TERMITES,RECOMMENDED TO SPRAY CHLORIPYRIPHAS 5MLLTR
ASKED ABOUT THE SOWING SEASON,RECOMMENDED THAT IT IS FROM JANUARY TO FEBRUARY
ASKED ABOUT THE CONTROL OF BLAST IN PADDY,RECOMMENDED TO SPRAY TRYCYCLOZOLE06GRAMSLITER
ASKED ABOUT THE CONTROL OF BLAST IN PADDY,RECOMMENDED TO SPRAY TRYCYCLOZOLE06GRAMSLITER
ASKED ABOUT CONTROL FOR SOOTY MOLD DAMAGE,RECOMMENDED TO SPRAY MONO 16MLLITRE
ASKED ABOUT THE CONTROL OF YELLOW STEM BORER,RECOMMENDED TO SPRAY ENDOSULPHAN2MLLITER
ASKED ABOUT THE CONTROL OF RICE BLAST,RECOMMENDED FOR THE APPLICATION OF TRICYCLOZOLE 06 GMLTR
ASKED ABOUT THE CONTROL OF ROOT ROT IN CHILLIES,RECOMMENDED TO SPRAY HEXACONAZOLE2MLLITER
ASKED ABOUT CONTROL OF THRIPS DAMAGE IN CHILLI,RECOMMENDED TO SPRAY ROGAR 2ML1L WATER
ASKED ABOUT THE CONTROL OF STEM BORER,RECOMMENDED TO SPRAY CARTAPHYDROCHLORIDE 2 GMLTR
ASKED ABOUT THE CONTROL OF SHOOT AND FRUIT BORER,RECOMMENDED TO SPRAY MONOCROTOPHGOS2MLLITER
ASKED ABOUT THE CONTROL OF SHOOT AND FRUIT BORER,RECOMMENDED TO SPRAY MONOCROTOPHGOS2MLLITER
ASKED ABOUT HOW RIPPENING THE FRUITS,RECOMMENDED TO ETHEREL 1ML1L WATER SPRAY ON BANANAS
ASKED ABOUT THE CONTROL OF FLOWER DROP,RECOMMENDED FOR THE APPLICATION OF NAPTHALENE ACETIC ACID
ASKED ABOUT THE CONTROL OF THRIPS,RECOMMENDED FOR THE APPLICATION OF ACEPHATE 15 GMLTR
ASKED ABOUT RECOMMENDED VARITIES TO SORGHUM,RECOMMENDED VARITIES ARE NANDYALATELLAJONNA-123
ASKED ABOUT THE CONTROL OF SHEATH BLIGHT,RECOMMENDED TO SPRAY HEXACONOZOLE 2MLLTR
ASKED ABOUT INFORMATION ON TISSUE CULTURE IN BANANA,GIVEN PHONE NO 08813 231507
ASKED ABOUT THE CONTROL OF BLAST IN PADDY,RECOMMENDED TO SPRAY TRYCYCLOZOLE06GRAMSLITER
ASKED ABOUT THE CONTROL OF BPH IN PADDY,RECOMMENDED TO SPRAY ACEPHATE15GRAMSLITER
ASKED ABOUT THE CONTROL OF SHEATH BLIGHT IN PADDY,RECOMMENDED TO SPRAY HEXACONAZOLE2MLLITER
ASKED ABOUT THE CONTROL OF BPH,RECOMMENDED FOR THE APPLICATION OF ACEPHATE 15 GMLTR
ASKED ABOUT CONTROL FOR PLANT HOPPERS DAMAGE,RECOMMENDED TO SPRAY ITHOPHENPHOS 15MLLITRE
ASKED ABOUT CONTROL FOR PLANT HOPPERS DAMAGE,RECOMMENDED TO SPRAY ITHOPHENPHOS 15MLLITRE
ASKED ABOUT CONTROL OF SHEATH ROT IN RICE,RECOMMENDED TO SPRAY BENOMYL 05MLLT
ASKED ABOUT CONTROL OF SHEATH ROT IN RICE,RECOMMENDED TO SPRAY BENOMYL 05MLLT
ASKED ABOUT CONTROL FOR PLANT HOPPERS DAMAGE,RECOMMENDED TO SPRAY APPLOUD 33ML100 LITRES
ASKED ABOUT CONTROL OF STEM BORER IN PADDY,RECOMMENDED TO SPRAY CLOROPHIRIPHOS 2ML1L WATER
ASKED ABOUT THE CONTROL OF BPH,RECOMMENDED TO SPRAY ACEPHATE 15 GMLTR
ASKED ABOUT MARKET INFORMATION,GIVEN INFORMATION IS Rs2900-3800 QUIN
ASKED ABOUT MARKET INFORMATION,GIVEN INFORMATION IS Rs2900-3800 QUIN
ASKED ABOUT CONTROL OF STEM BORER IN PADDY,RECOMMENDED TO SPRAY CLOROPHIRIPHOS 2ML1L WATER
ASKED ABOUT CONTROL OF STEM BORER IN PADDY,RECOMMENDED TO SPRAY CLOROPHIRIPHOS 2ML1L WATER
ASKED ABOUT CONTROL FOR STEM BORER DAMAGE,RECOMMENDED TO SPRAY CHLORPYRIPOS 25MLLITRE
ASKED ABOUT CONTROL FOR STEM BORER DAMAGE,RECOMMENDED TO SPRAY CHLORPYRIPOS 25MLLITRE
ASKED ABOUT CONTROL OF RICE BLAST,RECOMMENDED TO SPRAY TRICYCLOZOLE 06GMLT
ASKED ABOUT CONTROL OF RICE BLAST,RECOMMENDED TO SPRAY TRICYCLOZOLE 06GMLT
ASKED ABOUT CONTROL OF CHILLI THRIPS,RECOMMENDED TO SPRAY CARBARIL 3GM1L WATER
ASKED ABOUT VARIETIES,RECOMMENDED TO CHOOSE DHM- 107 OR 109
ASKED ABOUT CONTROL FOR BPH,RECOMMENDED TO SPRAY ACEPHATE 15GRLITRE
ASKED ABOUT CONTROL OF FLOWER DROPPING IN PAPAYA,RECOMMENDED TO SPRAY PLANOPHIX 25ML10 L WATER
ASKED ABOUT THE CONTROL OF SUCKING PEST,RECOMMENDED FOR THE APPLICATION OF DICHLOROVAS 1 MLLTR
ASKED ABOUT THE VARIETIES,RECOMMENDED VARIETIES ARE LGG-407410460 WGG-37
ASKED ABOUT THE CONTROL OF BLAST IN PADDY,RECOMMENDED TO SPRAY TRYCYCLOZOLE06GRAMSLITER
ASKED ABOUT THE CONTROL OF BLAST IN PADDY,RECOMMENDED TO SPRAY TRYCYLOZOLE06GRAMSLITER
ASKED ABOUT THE CONTROL OF BLAST IN PADDY,RECOMMENDED TO SPRAY TRYCYLOZOLE06GRAMSLITER
ASKED ABOUT SEED TREATMENT IN PAPAYA,RECOMMENDED TO SPRAY THIRAM 3GMKG SEED
ASKED ABOUT SEED TREATMENT IN PAPAYA,RECOMMENDED TO SPRAY THIRAM 3GMKG SEED
ASKED ABOUT THE CONTROL OF BLAST IN PADDY,RECOMMENDED TO SPRAY TRYCYCLOZOLE06GRAMSLITER
ASKED ABOUT THE CONTROL OF BLAST IN PADDY,RECOMMENDED TO SPRAY TRYCYCLOZOLE06GRAMSLITER
ASKED ABOUT THE CONTROL OF BLAST IN PADDY,RECOMMENDEDV TO SPRAY TRYCYCLOZOLE06GRAMSLITER
ASKED ABOUT THE CONTROL OF BLAST IN PADDY,RECOMMENDEDV TO SPRAY TRYCYCLOZOLE06GRAMSLITER
ASKED ABOUT CONTROL FOR RICE BLAST,RECOMMENDED TO SPRAY BEAM 120GR200 LITRES
ASKED ABOUT CONTROL FOR RICE BLAST,RECOMMENDED TO SPRAY BEAM 120GR200 LITRES
ASKED ABOUT INFORMATION ON GRASSES,GIVEN PHONE NO 040 24001706
ASKED ABOUT INFORMATION ON GRASSES,GIVEN PHONE NO 040 24001706
ASKED ABOUT THE WEATHER REPORT,INFORMED AS PER THE PROVIDED REPORTS
ASKED ABOUT THE WEATHER REPORT,INFORMED AS PER THE PROVIDED REPORTS
ASKED ABOUT THE MAIZE MARKET RATES,INFORMED THAT IT IS RS 74OQUINTAL
ASKED ABOUT THE MAIZE MARKET RATES,INFORMED THAT IT IS RS 74OQUINTAL
ASKED ABOUT CONTROL FOR WEED CONTROL,RECOMMENDED TO SPRAY PENDIMETHALINE 13-16 LITRESACRE
ASKED ABOUT CONTROL FOR WEED CONTROL,RECOMMENDED TO SPRAY PENDIMETHALINE 13-16 LITRESACRE
ASKED ABOUT MARKET PRICE OF MAIZE,GIVEN MARKET INFORMATION 850RSQUITOL
ASKED ABOUT MARKET PRICE OF MAIZE,GIVEN MARKET INFORMATION 850RSQUITOL
ASKED ABOUT THE WEATHER REPORT,INFORMED AS PER THE REPORTS PROVIDED
ASKED ABOUT THE WEATHER REPORT,INFORMED AS PER THE REPORTS PROVIDED
ASKED ABOUT CONTROL FOR ROTTENING,RECOMMENDED TO SUPPLY THE WATER WITH BLEACHING POWDER 25GRLITRE
ASKED ABOUT CONTROL FOR ROTTENING,RECOMMENDED TO SUPPLY THE WATER WITH BLEACHING POWDER 25GRLITRE
ASKED ABOUT THE CONTROL OF LEAF WEBBER AND SKELETENIZER,RECOMMENDED FOR THE APPLICATION OF QUINOLPHAS 2MLLTR
ASKED ABOUT THE CONTROL OF LEAF WEBBER AND SKELETENIZER,RECOMMENDED FOR THE APPLICATION OF QUINOLPHAS 2MLLTR
INSECT DAMAGE IN COCONUT,ROOT FEEDING TECHNIQUE:10ML MONOCROTOPHOS10ML WATER APPLY TO ROOT WITH SLANT CUT
ATTACK OF BPH PATCH BURNING OF FIELD,RECOMMANDED TO SPRAY ACPHATE2MLLIT WATER
ASKED ABOUT VARIETY OF GREENGRAM,RECOMMANDED VARITY LGG-407410
SPODOPTERA DAMAGE IN GREENGRAM,CHLOROPYRIPHOS 15MLLT OF WATER
ASKED ABOUT ROTATION OF CROP,ESC TO ATIC
ASKED ABOUT LEAF FOLDER IN PADDY,RECOMMANDED SPRAY ACEPHATE15GRLTR OF WATER APPLY
ASKED ABOUT VARIETY OF TOMATO,RECOMMANDED VARIETIES ARKA VIKAS
ASK ABOUT FLOWERING NOT DEVELOPMENT FOR A LONG DURATION IN LEMONE,RECOMMANDED TO APPLY BORAX POWDER
ASK ABOUT IMPLEMENTS,ESC TO FARM IMPLEMENTS
HISPA DAMAGE IN PADDY,SPRAY QUINOLPHOS 2MLLT OF WATER
INFORMATION RGARDING FARM IMPLEMENTS,ESC TO FARM IMPLEMENTS SECTION
ASKED ABOUT THE REMEDY FOR MAKING FISH POND INTO CULTIVABLE LAND,ESC TO ATIC
ASKEED ABOUT THE MARKET RATE,INFORMED AS PER THE REPORTS PROVIDED
ASKED ABOUT CONTROL OF STEM BORER IN BRINJAL,RECOMMENDED TO SPRAY CARBARIL 3GM1L WATER
ASKED ABOUT CONTROL OF FRUIT DROPPING IN CITRUS,RECOMMENDED TO SPRAY PLANOFIX 25ML10 L WATER
ASKED ABOUT INFORMATION ON ANIMAL HUSBANDRY,ESC TO AH
ASKED ABOUT INFORMATION ON VARIETY BIO226,ESC TO ATIC
ASKED ABOUT THE CONTROL OF STEM BORER,RECOMMENDED TO SPRAY CARTAP HYDROCHLORIDE 2 GMLTR
ASKED ABOUT CONTROL OF FRUIT DROPPING IN CITRUS,RECOMMENDED TO SPRAY PLANOPHIX 25ML10L WATER
ASKED ABOUT THE CONTROL OF FRUIT AND SHOOT BORER IN BRINJAL,RECOMMENDED TO SPRAY ENDOSULKPHAN2MLLITER
ASKED ABOUT THE INFORMATION REGARDING EUCALYPTUS CULTIVATION,ESC TO MANAGE
ASKED ABOUT THE CONTROL OF FRUIT AND SHOOT BORER IN BRINJAL,RECOMMENDED TO SPRAY ENDOSULPHAN2MLLITER
ASKED ABOUT THE MARKET RATE FOR TURMERIC IN THEIR MARKEWT YARD,INFORMED HIM AS PER THE REPORTS PROVIDED
ASKED ABOUT THE CONTROL OF BPH IN PADDY,RECOMMENDED TO SPRAY APPLAUD1LITER3ACRES
ASKED ABOUT THE CONTROL OF POD BOERE IN GREENGRAM,RECOMMENDED TO SPRAY ENDOSULPHAN2MLLITER
ASKED ABOUT THE CONTROL OF POD BOERER IN GREEN GRAM,RECOMMENDED TO SPRAY ENDOSULPHAN2MLLITER
ASKED ABOUT VARIETIES,RECOMMENDED TO CHOOSE MALINI OR SURAVI OR SURUCHI
ASKED ABOUT THE MARKET RATE,INFORMED AS PER THE REPORTS PROVIDED
ASKED ABOUT THE CONTROL OF FLOWER DROP,RECOMMENDED TO SPRAY PLANOPHIX 1 ML5 LTR
ASKED ABOUT INFORMATION ON IMROVED SONAMASOORI VARIETY,ESC TO DRR
ASKED ABOUT THE VARITIES OF PADDY WHICH ARE SUITABLE TO WATER LOGGING AREAS,SUGGESTED TO GROW MTU-1061PLA-1100
ASKED ABOUT THE WEATHER REPORT,INFORMED AS PER THE REPORTS PROVIDED
ASKED ABOUT CONTROL OF RICE BLAST,RECOMMENDED TO SPRAY TRICYCLOZOLE 06GMLT
ASKEDTHE INFORMATION ON DRIP IRRIGATION,GIVEN THE INFORMATIPON AS PER PROVIDED
ASKED ABOUT CONTROL FOR WEEDS,RECOMMENDED TO SPRAY PENDIMETHALINE 13-16 LITREACRE
ASKED ABOUT THE SEED VARIETY DETAILS,RECOMMENDED TO CONTACT LOCAL DISTRICS JDA
ASKED ABOUT MARKET INFORMATION FOR IR 64 VARIETY,GIVEN INFORMATION Rs 730QUIN
ASKED ABOUT FERTILIZER APPLICATION FOR OILPALM,RECOMMENDED TO APPLY 870GR UREA 1250GR SSP 667GR MOP 125GR MgSO4
ASKED ABOUT CONTROL FOR SUCKING PESTS DAMAGE,RECOMMENDED TO SPRAY PROFENOPHOS 2MLLITRE
ASKED ABOUT THE CONTROL OF RHIZOME ROT,RECOMMENDED TO SPRAY COPPEROXYCHLORIDE AND MONOCROTOPHAS
ASKED ABOUT VARITIES,RECOMMENDED VARITIES SAFEDKOHIR
ASKED ABOUT CONTROL FOR SUCKING PESTS,RECOMMENDED TO SPRAY ROGOR 2MLLITRE
ASKED ABOUT VARIETIES,RECOMMENDED TO CHOOSE MTU VARIETIES
ASKED ABOUT THE MAKETING INFOMATION OF THE FARM IMPLEMENTS,ESC TO DOM
ASKED WRITTEN INFORMATION ABOUT THE MUSHROOM CULTIVATION,ESC TO MANAGE
ASKED ABOUT VAIREITES WHICH ARE HAVING 160-180 DAYS DURATION,RECOMMENDED TO CHOOSE NLR- 28600 OR 33365 OR 28523 OR IMPROVED SONAMASOORI
ASKED ABOUT THE CONTROL OF FLOWER DROPPING IN COCONUT,SUGGESTED TO APPLY POTASH AT REQUIRED QUANTITY
ASKED ABOUT SEED TREATMENT,RECOMMENDED TO TREAT THE SEED WITH CARBENDAZIM 25GRSEED
ASKED ABOUT TISSU CULTURE VARITIES,GIVEN TO NO 9490490304
ASKED ABOUT VARITIES OF RICE,RECOMMENDED VARITIES ARE IMPROVED SONAMASOORI
ASKED ABOUT CONTROL FOR THRIPS DAMAGE,RECOMMENDED TO SPRAY CHLORPYRIPOS 25MLLITRE
ASKED ABOUT VARIETIES WHICH ARE RESISTANT FOR BPH,RECOMMENDED TO CHOOSE IMPROVED SAMBAMASOORI OR BPT-4358
ASKED ABOUT SEED TREATMENT,SEED TREATMENT WITH RAIZOBIUM
ASKED ABOUT THE CONTROL OF FRUITLET DROP,RECOMMENDED TO SPRAY BLITOX 3GMLTR AND TO APPLY POTASH
ASKED ABOUT THE MARKET RATE,INFORMED AS PER THE REPORTS PROVIDED
ASKED ABOUT SEED TREATMENT,RECOMMENDED TO TREAT THE SEED WITH CARBENDAZIM 25GRKG SEED
ASKED ABOUT THE CONTROL OF POWDERY MILDEW,SUGGESTED TO SPRAY CARATHANE1mllit OR BALATANE1glit OF WATER
ASKED ABOUT CONTROL OF RICE BLAST,RECOMMENDED TO SPRAY TREICYCLOZOLE 06GMLT
ASKED ABOUT CONTROL FOR SUCKING PESTS DAMAGE,RECOMMENDED TO SPRAY ROGOR 2MLLITRE
ASKED ABOUT FUSARIUM DISEASE IN BITTERGAURD,RECOMMENDED TO SPRAY COPPER OXY CHLORIDE COC 3GM1 LETER WATER
ASKED ABOUT CONTROL FOR THE FOOTROT DISEASE,RECOMMENDED TO SPRAY CHLOROTHALANIL 2MLLITRE AND APPLY BOTTOM OF THE STEM WITH BORDO PASTE 1
ASKED ABOUT SEED TREATMENT OF PADDY,RECOMMENDED TO TREAT THE SEEDS WITH MANCOZEB 4GMKG SEED
ASKED ABOUT WEATHER DATA,RECOMMENDED ANSWER GIVEN AS PER DATA
ASKED ABOUT FERTILIZER APPLICATION,RECOMMENDED TO APPLY 110GR UREA 50GR P 80GR MOP
ASKED ABOUT THE FERTILISER DOSAGE FOR ONE YEAR PLANTS,SUGGETED TO APPLY 250g UREA500g SSP AND 850g MOP
ASKED ABOUT CONTROL FOR WEEDS,RECOMMENDED TO SPRAY BENTHIOCARP 2LITACRE
ASKED ABOUT VARIETIES,RECOMMENDED TO CHOOSE PKM-1 OR JAFNA
ASKED ABOUT CONTROL FOR WEEDS,RECOMMENDED TO SPRAY BENTHIOCARP 15-2LIT ACRE
ASKED ABOUT THE WEED CONTROL,RECOMMENDED TO SPRAY ALACHLOR 501litacre
ASKED ABOUT INFORMATION ON SEED RATE FOR DIRECT SOWING,RECOMMENDED TO APPLY 16-20KGS SEED PER ACRE
ASKED ABOUT THE CONTROL OF FRUIT DROP,RECOMMENDED TO SPRAY POTASH AND BLITOX 3 GMLTR
ASKED ABOUT SUBSIDIES,ESC TO COA
ASKED ABOUT CONTROL FOR WEEDS,RECOMMENDED TO SPRAY BENTHIOCARP 15-2 LIT200LIT WATERACRE
ASKED ABOUT VARITIES,REOMMENDED VARITY LAMHYBRID-1
ASKED ABOUT CONTROL FOR WEEDS,RECOMMENDED TO SPRAY BENTHIOCORP 15-2LITRESACRE
ASKED ABOUT SUBSIDIES INFORMATION ON POWERTILLER,ESC TO COA
ASKED ABOUT CONTROL OF SHEATH ROT IN PADDY,RECOMMENDED TO SPRAY CARBENDAZIKM 1GM1LT WATER
ASKED ABOUT WEATHER DATA,ASWER GIVEN AS PER DATA
ASKED ABOUT CONTROL FOR WEEDS,RECOMMENDED TO SPRAY BENTHIOCORP 15-2 LITACRE
ASKED ABOUT THE CONTROL OF WEEDICIDE,RECOMMENDED FOR THE APPLICATION OF PENDIMITHALIN 15 LTRACRE
ASSKED ABOUT CONTROL OF WEED CONTROL IN PADDY,RECOMMENDED TO SPRAY 24-D SODIUM SALT 25MLLT WATER
ASKED ABOUT CONTROL OF STEM BORE IN PADDY,RECOMMENDED TO SPRAY CARBOFURA GRANULES 10KGACRE
ASKED ABOUT CONTROL FOR WEEDS,RECOMMENDED TO SPRAY GLYPHOCYTE 8MLLIT
ASKED ABOUT THE CONTROL OF LEAF SPOT,RECOMMENDED FOR THE APPLICATION OF COPPER OXY CHLORIDE 3 GMLTR
ASKED ABOUT THE CONTROL OF STEM BORER,RECOMMENDED FOR THE APPLICATION OF CARTAPHYDROCHLORIDE 3GMLTR
ASKED ABOUT THE WEATHER REPORT,INFORMED HIM AS PER THE REPORTS PROVIDED
ASKED ABOUT THE CONTROL OF WEEDS,RECOMMENDED TO SPRAY PENDIMITHALINE 15 LTRACRE
ASKED ABOUT CONTROL FOR GUMMOSIS,RECOMMENDED TO APPLY BORDO PASTE
ASKED ABOUT CONTROL FOR LEAF FOLDER,RECOMMENDED TO SPRAY ACEPHATE 15 GMLIT
ASKED ABOUT AVILABILITY OF AZOLLA,ESC TO ATIC
ASKED ABOUT THE CONTROL OF FLOWER DROP,RECOMMENDED FOR THE APPLICATION 0F PLANOPHIX 1 ML5LTR
ASKED ABOUT CONTROL OF FLOWER DROP IN DRUMSTIC,RECOMMENDED TO SPRAY PLANOFIX 25ML10 LT WATER
ASKED ABOUT THE MARKET RATE FOR MAIZE IN KOTHAPET MARKET,INFORMED THAT IT IS Rs- 800QUINTOL THIS IS AS PER THE REPORTS PROVIDED TO US
ASKED ABOUT CONTROL FOR STEM BORER DAMAGE,RECOMMENDED TO SPRAY CARTOP HYDROCHLORIDE 2GRLITRE
ASKED ABOUT CONTROL FOR BPH,RECOMMENDED TO SPRAY ACEPHATE 15GRLITRE
ASKED ABOUT THE CONTROL OF WHITEFLY,RECOMMENDED TO SPRAY ACEPHATE  15glit OF WATER
ASKED ABOUT THE CONTROL OF WEEDS,RECOMMENDED FOR THE APPLICATION OF 24-DF 1800GMGRAMOXONE 1LTRACRE
ASKED ABOUT THE CONTROL OF LEAF SPOT,RECOMMENDED FOR THE APPLICATION OF BLITOX 3 GMLTR
ASKED FOR THE WEATHER FORECAST OF 18TH AUGUST O6,INFORMED THAT THE SKY WOULD BE PARTLY CLOUDY BUT THERE IS NO FORECAST OF DOWNPORE
ASKED FOR THE WEATHER FORECAST OF 18TH AUGUST O6,INFORMED THAT THE SKY WOULD BE PARTLY CLOUDY BUT THERE IS NO FORECAST OF DOWNPORE
WEEDICIDE FOR 20 DAY OLD PADDY CROP,SUGGESTED SPRAYING OF 2 4 D  SODIUM SALT  400 ML PER ACRE OF CROP
WANTED CONTACT  NO OF INSURANCE COMPANY,GIVEN CONTACT NO 25240235   OF UNITED INDIA INSURANCE
ASKED FOR THE FERTILIZER APPLICATION IN MAINFIELD PREPARATION OF PADDY,SUGGESTED TO APPLY 10KG UREA 30KG DAP 30KG MOP PER ACRE AT  LAST PUDDLING
ASKED FOR CONTROL FOR SHOOTFRUIT BORER,RECOMMENDED TO SPRAY CHLORIPYRIPHOS2MLLIT
ASKED ABOUT BANANA VARIETY,VARIETY SUGGESTED IS TELLACHEKARAKELLI
ASKED ABOUT THE CONTROL OF STEMBORER,RECOMMENDED TO SPRAY ACEPHATE  15glit OF WATER
ASKED ABOUT THE CONTROL OF SHEATH BLIGHT,RECOMMENDED FOR THE APPLICATION OF PROPICONOZOLE 2 MLLTR
ASKED ABOUT CONTROL OF SUCKING PESTS,RECOMMENDED TO SPRAY CARBARYL 3GMKG SEED
ASKED ABOUT THE CONTROL OF WEEDS,RECOMMENDED TO SPRAY PENDIMETHALIN  15LACRE
ASKED ABOUT THE CONTROL OF WEED,RECOMMENDED TO SPRAY PENDIMETHALIN  15LACRE
ASKED ABOUT CONTROL OF BPH,RECOMMENDED FOR THE APPLICATION OF MONOCROTAPHOS 22MLLIT
ASKED ABOUT THE CONTROL OF STEM BHORER,RECOMENDED TO SPRAY CHLOROPYRIPHOS25MLLIT
ASKED ABOUT THE CONTROL OF SUCKING PESTS,RECOMMENDED FOR THE APPLICATION OF DIMETHOATE 2MLLIT
ASKED ABOUT FERTILISER DOSAGE,INFORMED TO THAT DOSAGE IS N 32KGP 24KGK 16-20 KGACRE
ASKED ABOUT THE CONTROL OF STEM BORER,RECOMMENDED TO SPRAY CHLORIPYRIPHOS  25mllit OF WATER
ASKED ABOUT THE CONTROL OF STEM BORER,RECOMMENDED FOR THE APPLICATION OF CARTAPHYDROCHLORIDE 2GMLTR
ASKED ABOUT THE CONTROL OF STEM BORER,RECOMMENDED TO SPRAY CHLOROPYRIPHOS 2MLLIT
ASKED ABOUT THE FERTILIZER DOSAGE,INFORMED TO APPLY 30G UREA 30G MOPPLANT
ASKED ABOUT THE CONTROL OF WEEDS,RECOMENDED FOR THE APPLICATION OF PARAQUOT 40ML10LIT
ASKED ABOUT THE CONTROL OF STEM BORER,RECOMMENDED TO SPRAY CHLORIPYRIPHOS  25mllit OF WATER
ASKED ABOUT THE CONTROL OF STEM BORER,RECOMMENDED TO SPRAY CHLORIPYRIPHOS  25mllit OF WATER
ASKED ABOUT THE CONTROL OF FRUIT BORER,RECOMMENDED TO SPRAY PROPHENOPHIS2mllit OF WATER
ASKED ABOUT THE CONTROL OF FRUIT BORER,RECOMMENDED TO SPRAY PROPHENOPHIS2mllit OF WATER
ASKED ABOUT CONTROL OF STEM BORER,RECOMENDED FOR THE APPLICATION OF CHLORIPYRIPHOS 2MLLIT
ASKED ABOUT CONTROL OF STEM BORER,RECOMENDED FOR THE APPLICATION OF CHLORIPYRIPHOS 2MLLIT
ASKED ABOUT THE SEED TREATMENT,SUGGESTED TO TREAT THE SEED WITH THIRAM OR CAPTON  3gkg SEED
ASKED ABOUT THE SEED TREATMENT,SUGGESTED TO TREAT THE SEED WITH THIRAM OR CAPTON  3gkg SEED
ASKED ABOUT THE CONTROL FOR BLAST,RECOMMENDED TO SPRAY TRICYCLOZOLE  05glit OF WATER
ASKED ABOUT THE CONTROL FOR BLAST,RECOMMENDED TO SPRAY TRICYCLOZOLE  05glit OF WATER
ASKED ABOUT THE WEATHER REPORT,GIVEN THE WEATHER REPORT TO THE FARMER
ASKED ABOUT THE WEATHER REPORT,GIVEN THE WEATHER REPORT TO THE FARMER
ASKED ABOUT THE CONTROL OF TUNGROVIRUS,RECOMENDED TO SPRAY CARBORYL 25KGHA
ASKED ABOUT THE CONTROL OF TUNGROVIRUS,RECOMENDED TO SPRAY CARBORYL 25KGHA
ASKED ABOUT CONTROL OF SHEATH BLIGHT,RECOMENDED FOR THE APPLICATON PROPICHONAZAL 1MLLIT
ASKED ABOUT CONTROL OF SHEATH BLIGHT,RECOMENDED FOR THE APPLICATON PROPICHONAZAL 1MLLIT
ASKED ABOUT THE CONTROL OF BPH,RECOMMENDED TO SPRAY MONOCROTOPHOS  2mllit OF WATER
ASKED ABOUT THE CONTROL OF BPH,RECOMENDED TO SPRAY MONOCROTOPHOS 22MLLIT
ASKED ABOUT THE CONTROL OF BLAST,RECOMMENDED TO SPRAY TRICYCLOZOLE  06glit OF WATER
ASKED ABOUT WEATHER REPORT,INFORMED AS FOR THE PROVIDED DATA
ASKED ABOUT THE CONTROL OF LEAF SPOTS,RECOMMENDED FOR THE APPLICATION OF BLITOX 3GMLTR
ASKED ABOUT THE CONTROL OF TUNGROVIRUS ,RECOMENDED FOR THE APPLICATION OF MONOCROTOPHOS 22MLLIT
ASKED ABOUT THE CONTYROL OF STEM BORER,RECOMMENDED TO SPRAY CHLORIPYRPHOS  25mllit OF WATER
ASKED ABOUT THE CONTROL OF SHEATH BLIGHT,RECOMMENDED TO SPRAY HEXACONAZOLE  2MLLIT OF WATER
ASKED ABOUT THE HORMONE FOR FLOWERING,RECOMMENDED FOR THE APPLICATION OF NAA 1ML5LTR
ASKED ABOUT THE CONTROL OF LEAFBLOTCH,RECOMENDED FO9R THE APPLICATION OF PROPICONAZOLE 1MLLIT
ASKED ABOUT CONTROL OF POWDERY MILDEW,RECOMENDED FOR THE APPLICATION OF MANCOZEB 25GMLT
ASKED ABOUT THE CM PASHU KRANTHI SCHEMES,INFORMED AS PER PROVIDED DATA
ASKED ABOUT CONTROL OF BPH,RECOMENDED FOR THE APPLICATION OF MONOCROTOPHAS 22MLLIT
ASKED ABOUT THE CONTROL OF WHITE FLIES IN COTTON,RECOMMENDED TO SPRAY PROFENOPHOS 2MLLIT
ASKED ABOUT THE CONTROL OF BLAST,RECOMENDED TO SPRAY TRICYCLOZOLE 06GLIT
ASKED ABOUT THE CONTROL OF BPH IN RICE,RECOMMENDED TO SPRAY ETHOFENPHOS 15MLLIT
ASKED ABOUT CONTROL OF SHEATH ROT IN RICE,RECOMMENDED TO SPRAY BENOMIL 05 GRLIT
ASKED ABOUT THE CONTROL OF TOBACCO CATERPILLAR,RECOMMENDED TO SPRAY ENDOSULPHAN 2MLLIT
ASKED ABOUT THE CONTROL OF CITRUS CANKER,RECOMMENDED TO SPRAY STREPTOCYCLIN  1g BLITOX  30g PER 10 LIT OF WATER
ASKED ABOUT FOR Zn DEFFICIENCY,RECOMMENDED TO SPRAY ZnSO4  2gLIT OF WATER
ASKED ABOUT THE CONTROL OF PINK BORER,RECOMMENDED TO SPRAY ENDOSULPHAN 2 MLLIT2 TIMES IN 20 DAYS
ASKED ABOUT CONTROL OF ZINC DEFICENCY,RECOMENDED FOR THE APPLICATION OF ZINC SULPHATE 2GMLIT
ASKED ABOUT CONTROL CHOANEPHORA BLIGHT,RECOMENDED FOR THE APPLICATION OF COC 3GMLIT
ASKED ABOUT THE CONTROL OF SHEATH BLIGHT,RECOMMENDED TO SPRAY HEXACONAZOLE  2MLLIT OF WATER
ASKED ABOUT THE REMEDY FOR THE Zn DEFFICIENCY,RECOMMENDED TO SPRAY ZnSO4  2GLIT OF WATER
ASKED ABOUT CONTROL OF BPH,RECOMMENDED FOR THE APPLICATION OF MONOCROTOPHOS 22MLLIT
ASKED ABOUT CONTROL OF STEM BORER,RECOMMENDED FOR THE APPLICATION OF MONOCROTOPHOS 16MLLIT
ASKED ABOUT THE CONTROL OF APHIDS,RECOMMENDED TO SPRAY METHYLDEMETON 2 MLLIT
ASKED ABOUT THE CONTROL OF SUCKING PESTS,RECOMMENDED TO SPRAY FASALON 2 MLLIT
ASKED ABOUT THE CONTROL OF WHITE FLY,RECOMMENDED TO SPRAY TRIAZOPHOS 25 MLLIT
ASKED ABOUT THE CONTROL OF BPH,RECOMENDED TO SPRAY CARBORYL 3gm LIT
ASKED ABOUT THE CONTROL OF TOBACCO CATERPILLAR,RECOMENDED TO SPRAY CHLORIPYRIPOS 2MLLIT
ASKED ABOUT THE CONTROL OF WILT,RECOMMENDED TO DRAIN OUT WATER IMMEDIATLYRAISE LBG-611
ASKED ABOUT THE CONTROL OF SHEATH BLIGHT,RECOMMENDED TO SPRAY HEXACONAZOLE  2mllit OF WATER
ASKED ABOUT THE CONTROL OF CANEFLIES,RECOMMENDED TO SPRAY ENDOSULPHAN 2 MLLIT
